-- phpMyAdmin SQL Dump
-- version 5.0.4
-- https://www.phpmyadmin.net/
--
-- Host: 127.0.0.1
-- Generation Time: Jan 09, 2021 at 07:59 AM
-- Server version: 10.4.16-MariaDB
-- PHP Version: 7.4.12

SET SQL_MODE = "NO_AUTO_VALUE_ON_ZERO";
START TRANSACTION;
SET time_zone = "+00:00";


/*!40101 SET @OLD_CHARACTER_SET_CLIENT=@@CHARACTER_SET_CLIENT */;
/*!40101 SET @OLD_CHARACTER_SET_RESULTS=@@CHARACTER_SET_RESULTS */;
/*!40101 SET @OLD_COLLATION_CONNECTION=@@COLLATION_CONNECTION */;
/*!40101 SET NAMES utf8mb4 */;

--
-- Database: `ticketing`
--

-- --------------------------------------------------------

--
-- Table structure for table `addresses`
--

CREATE TABLE `addresses` (
  `id` bigint(20) UNSIGNED NOT NULL,
  `users_id` bigint(20) UNSIGNED NOT NULL,
  `post` varchar(10) COLLATE utf32_bin NOT NULL,
  `address` text COLLATE utf32_bin NOT NULL,
  `cellphone` varchar(11) COLLATE utf32_bin NOT NULL,
  `guild` varchar(12) COLLATE utf32_bin NOT NULL
) ENGINE=InnoDB DEFAULT CHARSET=utf32 COLLATE=utf32_bin;

--
-- Dumping data for table `addresses`
--

INSERT INTO `addresses` (`id`, `users_id`, `post`, `address`, `cellphone`, `guild`) VALUES
(1, 2, '1111111111', 'تهران، خیابان ولیعصر، بالاتر از ایستگاه مترو تئاتر شهر، نبش کوچه نیکویی', '02155555555', '123456789123');

-- --------------------------------------------------------

--
-- Table structure for table `arrangements`
--

CREATE TABLE `arrangements` (
  `segments_id` bigint(20) NOT NULL,
  `salons_id` bigint(20) UNSIGNED NOT NULL
) ENGINE=InnoDB DEFAULT CHARSET=utf8 COLLATE=utf8_bin;

--
-- Dumping data for table `arrangements`
--

INSERT INTO `arrangements` (`segments_id`, `salons_id`) VALUES
(1, 1),
(2, 1),
(3, 1),
(4, 2),
(5, 2),
(6, 2),
(7, 3),
(8, 3),
(9, 3),
(10, 4),
(11, 4),
(12, 5),
(13, 5),
(14, 5),
(12, 6),
(13, 6),
(14, 6),
(15, 7),
(16, 7),
(17, 7),
(18, 7),
(19, 8),
(20, 8),
(21, 8);

-- --------------------------------------------------------

--
-- Table structure for table `categories`
--

CREATE TABLE `categories` (
  `id` int(10) UNSIGNED NOT NULL,
  `name` varchar(100) COLLATE utf32_bin NOT NULL
) ENGINE=InnoDB DEFAULT CHARSET=utf32 COLLATE=utf32_bin;

--
-- Dumping data for table `categories`
--

INSERT INTO `categories` (`id`, `name`) VALUES
(1, 'فیلم'),
(2, 'کنسرت'),
(3, 'تئاتر');

-- --------------------------------------------------------

--
-- Table structure for table `comments`
--

CREATE TABLE `comments` (
  `id` bigint(20) UNSIGNED NOT NULL,
  `users_id` bigint(20) UNSIGNED NOT NULL,
  `posts_id` bigint(20) UNSIGNED NOT NULL,
  `comment` varchar(5000) COLLATE utf32_bin NOT NULL,
  `created_at` timestamp NOT NULL DEFAULT current_timestamp(),
  `updated_at` timestamp NOT NULL DEFAULT current_timestamp(),
  `status` bit(1) NOT NULL DEFAULT b'0'
) ENGINE=InnoDB DEFAULT CHARSET=utf32 COLLATE=utf32_bin;

--
-- Dumping data for table `comments`
--

INSERT INTO `comments` (`id`, `users_id`, `posts_id`, `comment`, `created_at`, `updated_at`, `status`) VALUES
(1, 1, 1, 'خدا رحمتش کنه!', '2020-04-16 07:31:05', '2020-04-23 20:17:05', b'1'),
(2, 2, 1, 'باز هم کرونا !', '2020-04-16 07:31:05', '2020-04-23 20:17:34', b'1'),
(3, 7, 2, 'بالاخره اومد !!', '2020-04-16 07:31:05', '2020-04-18 12:00:24', b'0'),
(4, 4, 2, 'قسمت اوش خیلی خوب بود', '2020-04-16 07:31:05', '2020-04-18 12:00:24', b'0'),
(5, 6, 3, 'واقعا فیلم خوبی بود', '2020-04-16 07:31:05', '2020-04-18 12:00:24', b'0'),
(6, 1, 3, 'بهترین فیلم کمدی بود', '2020-04-16 07:31:05', '2020-04-18 12:00:24', b'0'),
(7, 1, 4, 'قسمت نبود!', '2020-04-16 07:31:05', '2020-04-18 12:00:24', b'0'),
(8, 5, 5, 'جه خوب', '2020-04-16 07:31:05', '2020-04-18 12:00:24', b'0'),
(9, 2, 6, 'نویسنده خوبیه', '2020-04-16 07:31:05', '2020-04-18 12:00:24', b'0'),
(10, 1, 7, 'فیلم خوبی بود', '2020-04-16 07:31:05', '2020-04-18 12:00:24', b'0'),
(11, 3, 1, 'آخییییی، تقریبا هممون با این انیمیشن خاطره داریم، خدا رحمتش کنه', '2020-04-18 07:57:26', '2020-04-18 07:57:26', b'0');

-- --------------------------------------------------------

--
-- Table structure for table `discounts`
--

CREATE TABLE `discounts` (
  `id` bigint(20) NOT NULL,
  `code` varchar(50) COLLATE utf32_bin NOT NULL,
  `value` varchar(10) COLLATE utf32_bin NOT NULL,
  `expire_date` varchar(20) COLLATE utf32_bin NOT NULL,
  `created_at` timestamp NOT NULL DEFAULT current_timestamp(),
  `updated_at` timestamp NOT NULL DEFAULT current_timestamp()
) ENGINE=InnoDB DEFAULT CHARSET=utf32 COLLATE=utf32_bin;

--
-- Dumping data for table `discounts`
--

INSERT INTO `discounts` (`id`, `code`, `value`, `expire_date`, `created_at`, `updated_at`) VALUES
(1, 'wday30', '30%', '1588204800', '2020-05-08 03:52:46', '2020-05-08 03:53:01'),
(2, 'eid40dc', '40000', '1589500800', '2020-05-08 03:52:46', '2020-05-08 03:53:01'),
(3, 'a1ds3', '25%', '1587254400', '2020-05-08 03:52:46', '2020-05-08 03:53:01');

-- --------------------------------------------------------

--
-- Table structure for table `events`
--

CREATE TABLE `events` (
  `id` bigint(20) UNSIGNED NOT NULL,
  `name` varchar(100) COLLATE utf32_bin NOT NULL,
  `act` text COLLATE utf32_bin NOT NULL,
  `team` text COLLATE utf32_bin NOT NULL,
  `description` text COLLATE utf32_bin DEFAULT NULL,
  `date` text COLLATE utf32_bin NOT NULL COMMENT 'تاریخ شروع و پایان اکران',
  `created_at` timestamp NOT NULL DEFAULT current_timestamp(),
  `updated_at` timestamp NOT NULL DEFAULT current_timestamp(),
  `deleted_at` timestamp NULL DEFAULT NULL,
  `categories_id` int(10) UNSIGNED NOT NULL
) ENGINE=InnoDB DEFAULT CHARSET=utf32 COLLATE=utf32_bin;

--
-- Dumping data for table `events`
--

INSERT INTO `events` (`id`, `name`, `act`, `team`, `description`, `date`, `created_at`, `updated_at`, `deleted_at`, `categories_id`) VALUES
(1, 'مطرب', 'پرویز پرستویی، الناز شاکردوست، محسن کیایی\r\nمهران احمدی، حسین امیدی، امین مقدم، محمدسام یوسفی، عایشه گل جوشکن', 'کارگردان : مصطفی کیایی، تهیه‌کننده : مصطفی کیایی، نویسنده : مصطفی کیایی، آهنگساز : آرمان موسی پور، مدیر فیلمبرداری : حسین جلیلی', 'داستان این فیلم درباره یک خواننده کاباره ای به نام ابراهیم خوش لحن (خوش سینه) است که پیش از اوج گرفتن با وقوع انقلاب ۱۳۵۷ همچون این طیف خواننده ها از صحنه کنار می رود اما چون به اندازه کافی از شهرت و اقبال نیز برخوردار نبوده، نمی تواند خواننده لس آنجلسی شود و در نهایت به خواننده مراسم تبدیل می شود و….', '98/10/15\r\n-\r\n98/12/15', '2020-04-12 12:24:59', '2020-04-12 12:24:59', NULL, 1),
(2, 'خوب، بد، جلف ۲: ارتش سری', 'پژمان جمشیدی، سام درخشانی ،حامد کمیلی ،ریحانه پارسا ،گوهر خیراندیش، امیرمهدی ژوله ،فرهاد آییش ،ستاره پسیانی ،مارال فرجاد ،شکیب شجرهپژمان جمشیدی، سام درخشانی ،حامد کمیلی ،ریحانه پارسا ،گوهر خیراندیش، امیرمهدی ژوله ،فرهاد آییش ،ستاره پسیانی ،مارال فرجاد ،شکیب شجره', 'دستیارکارگردان و مدیر برنامه ریزی: پوپک مظفری، جانشین تولید: محمد جمشیدی، مدیر فیلمبرداری:حسین جلیلی ،طراح صحنه:آیدین ظریف،طراح گریم:عباس عباسی ،طراح لباس:رعنا امینی، صدابردار:داریوش صادق پور، تدوین:میثم مولایی، موسیقی:امیر توسلی، منشی صحنه:بهناز تاجیک، جلوه های ویژه میدانی:ایمان کرمیان، مدیر تدارکات:نیما فکوری، عکاس :کورش جوان', 'گروهی ضد انقلابی به ریاست دکتر مدنی(فرهاد آییش) و زیر نظر دونالد ترامپ ماموریتی به فربد (حامد کمیلی) در ایران به عنوان گروه فیلمبرداری به ایران بفرستد . در آنجا پژمان جمشیدی و سام درخشانی به عنوان بازیگر های فیلم ارتش سری انتخاب می شوند. فربد سعی در انجام عملیات است اما پژمان و سام تقریبا همه چی را به هم می ریزند و......', '98/11/10\r\n-\r\n99/02/10', '2020-04-12 12:24:59', '2020-04-12 12:24:59', NULL, 1),
(3, 'خوب، بد، جلف', ' حمید فرخ نژاد، پژمان جمشیدی، سام درخشانی، ویشکا آسایش، مانی حقیقی', 'کارگردان : پیمان قاسم خانی، تهیه‌کننده : محسن چگینی، عبدالله اسکندری، مدیر فیلمبرداری : علی تبریزی، فیلم‌نامه‌نویس : پیمان قاسم خانی، آهنگساز : آریا عظیمی نژاد', 'داستان یک کارگردان هنری سینما است که از طرف تهیه کننده اش تحت فشار قرار می گیرد تا از دو بازیگر تجاری برای بازی در نقش های اصلی فیلمش استفاده کند. او مجبور است در مدت کوتاهی آنها را به نقش هایشان نزدیک کند.', '98/10/10\r\n-\r\n99/03/10', '2020-04-12 12:24:59', '2020-04-12 12:24:59', NULL, 1),
(4, 'لونه زنبور', 'محسن کیایی، پژمان جمشیدی، هومن برق نورد، بهاره کیان افشار، پیام احمدی نیا، رعنا آزادی ور، فرید سجادی حسینی', 'کارگردان : برزو نیک نژاد، تهیه‌کننده : سعید خانی، مدیر فیلمبرداری : روزبه رایگا، فیلم‌نامه‌نویس : محسن کیایی، آهنگساز : احسان بیرق دار', ' داستان دو پسرخاله است که دزدانی خرده پا و کوچک هستند. آنها با تحویل گرفتن یک جعبه دچار دردسر شده و درگیر جریانی بزرگ می شوند...', '98/10/10\r\n-\r\n99/03/10', '2020-04-12 12:24:59', '2020-04-12 12:24:59', NULL, 1),
(5, 'آینه بغل', 'محمدرضا گلزار، جواد عزتی، یکتا ناصر، نازنین بیاتی، سیامک صفری، مه لقا باقری، غلامرضا نیکخواه، بهاره رهنما', 'کارگردان : منوچهر هادی، تهیه‌کننده : منصور سهراب پور، سید امیر پروین حسینی، مدیر فیلمبرداری : روزبه رایگا، فیلم‌نامه‌نویس : بابك كایدان', 'مرتضی که در گاراژ کار می کند و به مناسبت سالگرد نامزدی اش از گاراژ ماشین گران قیمتی را امانت برمی دارد، در همین حین که نامزد او سوار بر ماشین است ناگهان ماشین شهرداری با آینه بغل ماشین او برخورد و آینه بغل او می شکند و خسارت زیادی به ماشین وارد می شود حالا مرتضی و نامزدش برای عذر خواهی به منزل شاهانه شاهرخ می روند و ...', '97/10/10 - \r\n\r\n98/01/10', '2020-04-12 12:24:59', '2020-04-12 12:24:59', NULL, 1),
(6, 'ملی و راه های نرفته اش', 'میلاد کی مرام، ماهور الوند، جمشید هاشم پور، السا فیروز آذر، افسر اسدی، ستاره اسکندری، جمشید جهان زاده، فرزانه نشاط خواه، ادیب قریب، تورج منصوری', 'کارگردان : تهمینه میلانی، تهیه‌کننده : محمد نیک بین، مدیر فیلمبرداری : تورج منصوری، فیلم‌نامه‌نویس : تهمینه میلانی، آهنگساز : امیر معینی', 'فیلم ملی و راه های نرفته اش داستان ملیحه دختری جوان است که عاشق پسری به نام سیامک می شود ولی بر خلاف میل خانواده اش با او ازدواج میکند اما به زودی اختلاف فرهنگی و اخلاقی آنها باعث ایجاد مشکلاتی بزرگ بین آنها میشود ...', '98/10/10\r\n-\r\n99/03/10', '2020-04-12 12:24:59', '2020-04-12 12:24:59', NULL, 1),
(7, 'سارا و آیدا', 'غزل شاکری، پگاه آهنگرانی، مصطفی زمانی، سعید چنگیزیان', 'کارگردان : مازیار میری، تهیه‌کننده : مازیار میری، مدیر فیلمبرداری : حسین جعفریان، فیلم‌نامه‌نویس : امیر عربی، آهنگساز : پیمان یزدانیان', 'درباره دوستان صمیمی ای به نام سارا و آیدا است که آبروی یکی از آنها به خطر افتاده و حالا باید به کمک هم شرایط را به حالت عادی بازگردانند، اما این دو دوست تا کجا به پای یکدیگر می ایستند؟', '98/10/10\r\n-\r\n99/03/10', '2020-04-12 12:24:59', '2020-04-12 12:24:59', NULL, 1),
(8, 'ویلایی ها', 'طناز طباطبایی، پریناز ایزدیار، آناهیتا افشار، محمدعلی شادمان، صابر ابر، ثریا قاسمی', 'کارگردان : منیر قیدی، تهیه‌کننده : سعید ملکان، مدیر فیلمبرداری : علی قاضی، فیلم‌نامه‌نویس : ارسلان امیری و منیر قیدی، آهنگساز : ستار اورکی', 'قصه خانواده های فرماندهان سپاه و ارتش در سال ۱۳۶۵ است. عزیز زن ۵۰ ساله ای است که همراه نوه هایش وارد مجموعه ویلاها می شود. الیاس نیز راننده بسیجی است که هر وقت وارد مجموعه می شود همه نگران این می شوند که شاید خبر شهادت یکی از فرماندهان را بدهد. پس از مدتی سیما که عروس عزیز است از تهران می آید تا بچه های خود را به خارج از کشور ببرد', '98/10/10\r\n-\r\n99/03/10', '2020-04-12 12:24:59', '2020-04-12 12:24:59', NULL, 1),
(9, 'نارنجی پوش', 'حامد بهداد، لیلا حاتمی، میترا حجار، طناز طباطبایی، فردوس کاویانی، همایون ارشادی، اردشیر رستمی، امید روحانی، محمدجواد جعفرپور', 'کارگردان : داریوش مهرجویی، تهیه‌کننده : داریوش مهرجویی، فیلم‌نامه‌نویس : داریوش مهرجویی و وحیده محمدی فر', ' داستان تحول یک عکاس حرفه ای مطبوعات است که تلاش دارد با پاکیزگی محیط اطراف، به تطهیر روح و روان خود بپردازد و او با خواندن کتابی در مورد فنگ شویی چنان تحت تأثیر پالایش محیط زیست و مبارزه با زباله سازی قرار می گیرد که لباس نارنجی مخصوص رفتگران را بر تن کرده اما...', '98/10/10\r\n-\r\n99/03/10', '2020-04-12 12:24:59', '2020-04-12 12:24:59', NULL, 1),
(10, 'ما همه با هم هستیم', 'مهران مدیری، لیلا حاتمی، پژمان جمشیدی، جواد عزتی، مهران غفوریان، محمدرضا گلزار، ویشکا آسایش، سروش صحت، مانی حقیقی، هانیه توسلی، حسن معجونی', 'کارگردان : کمال تبریزی، تهیه‌کننده : رضا میر کریمی، فیلم‌نامه‌نویس : پدرام پورامیری، آهنگساز : محمدرضا علیقلی، مدیر فیلمبرداری : فرشاد محمدی', 'داستان این فیلم درباره شرکت هواپیمایی است که ورشکسته شده است. هواپیمایی سقوط می کند که رازهای مختلفی دارد، رازهایی که نمیتوان پنهان کرد...', '98/10/10\r\n-\r\n99/03/10', '2020-04-12 12:24:59', '2020-04-12 12:24:59', NULL, 1),
(11, 'شوالیه آواز', 'استاد شهرام ناظری', 'استاد شهرام ناظری', '', '۹۸/۱۰/۱۰\r\n-\r\n۹۹/۰۳/۱۰', '2020-04-12 13:32:13', '2020-04-23 06:21:02', NULL, 2),
(12, 'محمدرضا شجریان و گروه شهناز', 'محمدرضا شجریان', 'محمدرضا شجریان', NULL, '98/10/10\r\n-\r\n99/03/10', '2020-04-12 13:32:13', '2020-04-12 13:32:13', NULL, 2),
(13, 'ماکان بند', 'رهام هادیان، امیر مقاره', 'رهام هادیان، امیر مقاره، یاشار خسروی، امیر میلاد نیکزاد', NULL, '98/10/10\r\n-\r\n99/03/10', '2020-04-12 13:32:13', '2020-04-12 13:32:13', NULL, 2),
(14, 'باران تویی', 'گروه چارتار', 'گروه چارتار', NULL, '98/10/10\r\n-\r\n99/03/10', '2020-04-12 13:32:13', '2020-04-12 13:32:13', NULL, 2),
(15, 'سالار عقیلی', 'سالار عقیلی', 'سالار عقیلی', NULL, '98/10/10\r\n-\r\n99/03/10', '2020-04-12 13:32:13', '2020-04-12 13:32:13', NULL, 2),
(16, 'عابرو', 'رعنا زرگرزاده، رزا ماندنی، شیرین ریاضی، مریم مداح، طناز کلانتریان، مینا پیر سهلان، تارا فرمانروا، پریا پرنیان', 'نویسنده: داوود فتحعلی بیگی، طراح و کارگردان: احمد دهقان، بازنویسی: رعنا زرگرزاده، مشاور کارگردان: شهناز روستایی، موسیقی: رضا روستا، بهزاد حاجی حسنی، تارا فرمانروا، بهنام شجاعی راد، طراح لباس: رزا ماندنی، طراح پوستر وبروشور مهدی غلامی، طراح حرکت: بهار قاسمی، طراح نور: اشکان زیباییان، طراح گریم: مرجان شکاری، دستیاران: مرجان شکاری، امیرحسین عنایت، آنا امیرپور', '', '۹۸/۱۰/۱۰\r\n-\r\n۹۹/۰۳/۱۰', '2020-04-12 13:41:53', '2020-04-23 08:08:21', NULL, 3),
(17, 'آلبوم خانوادگی', 'مرضیه ناظر طوسی، مریم قاسمی، کیمیا شهریه، محمد ترابیان', 'نویسنده و کارگردان: سعید هاشم زاده، ', NULL, '98/10/10\r\n-\r\n99/03/10', '2020-04-12 13:41:53', '2020-04-12 13:41:53', NULL, 3),
(18, 'خشم و هیاهو', 'هانیه توسلی، امیرحسین رستمی، علی سرابی', 'نویسنده و کارگردان: مهرداد رایانی مخصوص ،تهیه کننده : محمدعلی کیانی', NULL, '98/10/10\r\n-\r\n99/03/10', '2020-04-12 13:41:53', '2020-04-12 13:41:53', NULL, 3),
(19, 'لیلی و مجهول', 'فاطمه بیات، امین مظفری، حسین تاتکلی، سجاد باقری، علی اصغر تکلو، جلیل بیات', 'نویسنده و کارگردان: سجاد طهماسبی، موسیقی : محمد نیکومنش', NULL, '98/10/10\r\n-\r\n99/03/10', '2020-04-12 13:41:53', '2020-04-12 13:41:53', NULL, 3),
(20, 'رقص مرگ', 'محمود فتحی، مریم شفیعی', 'نویسنده وکارگردان : محمود فتحی', NULL, '98/10/10\r\n-\r\n99/03/10', '2020-04-12 13:41:53', '2020-04-12 13:41:53', NULL, 3),
(21, 'جهان با من برقص', 'علی مصفا، جواد عزتی، هانیه توسلی، پژمان جمشیدی، سیاوش چراغی‌پور، کاظم سیاحی، مهراب قاسم‌خانی، رامین صدیقی، بهار کاتوزی، پاوان افسر، شیوا بلوچی، مهیار پوربابایی، بهروز توکلی', 'نویسنده: سروش صحت و ایمان صفایی، مدیر فیلمبرداری: سیناکرمانی‌زاده، تدوینگر: خشایار موحدیان، موسیقی: مازیار یونسی، صدا: علیرضا علویان و امین میرشکاری، طراح صحنه: مهدی موسوی، مجری طرح: مجتبی وحیدی، تهیه کننده: محمدرضا تخت‌کشیان، روابط عمومی: آیدا اورنگ', 'دوستان جهانگیز برای آخرین تولد او دورهم جمع شده‌اند. این موقعیت موجب می‌شود آن‌ها درباره زندگی و خودشان فکر کنند.', '98/10/10\r\n-\r\n99/03/10', '2020-04-16 00:20:26', '2020-04-16 00:20:26', NULL, 1),
(22, 'هزارپا', 'رضا عطاران، جواد عزتی، سارا بهرامی، مهران احمدی، شهره لرستانی، لاله اسكندرى، امید روحانی، سپند امیر سلیمانی، امیرمهدى ژوله، نعیمه نظام دوست، سينا رازانى، محمد نادری، حسین سلیمانی، شهين تسليمى، حمید رضا فلاحی، بهرام ابراهيمى', 'کارگردان:ابوالحسن داودی ، تهیه کننده:رضا رخشان ، نویسندگان: امیر برادران، پیمان جزینی، مصطفی زندی ، مدیر فیلم برداری: علیرضا برازنده ، تدوین: بهرام دهقانی ، طراح صحنه و لباس: کامیاب امین عشایری ، موسیقی: محمدرضا علیقلی ، طراحی و تركيب صدا: سید عليرضا علويان ، صدا بردار: نظام الدین کیایی ، طراح چهره پردازی: ایمان امیدواری', 'دزدی، اتفاقی متوجه راز یک دختر می‌شود و سعی می‌کند از این موقعیت سوء استفاده کند.', '۱۰/۱۰/۹۸\r\n-\r\n۱۰/۱۰/۹۹', '2020-04-23 05:14:44', '2020-04-23 05:26:37', NULL, 1);

-- --------------------------------------------------------

--
-- Table structure for table `events_genre`
--

CREATE TABLE `events_genre` (
  `genres_id` int(10) UNSIGNED NOT NULL,
  `events_id` bigint(20) UNSIGNED NOT NULL
) ENGINE=InnoDB DEFAULT CHARSET=utf32 COLLATE=utf32_bin;

--
-- Dumping data for table `events_genre`
--

INSERT INTO `events_genre` (`genres_id`, `events_id`) VALUES
(3, 4),
(3, 19),
(3, 20),
(5, 1),
(5, 2),
(5, 3),
(5, 5),
(5, 10),
(5, 22),
(9, 11),
(9, 12),
(9, 15),
(10, 13),
(12, 14),
(17, 5),
(17, 6),
(17, 7),
(17, 8),
(17, 9),
(17, 10),
(17, 16),
(17, 17),
(17, 18),
(17, 21);

-- --------------------------------------------------------

--
-- Table structure for table `factors`
--

CREATE TABLE `factors` (
  `id` bigint(20) UNSIGNED NOT NULL,
  `users_id` bigint(20) UNSIGNED NOT NULL,
  `purchase_date` varchar(13) COLLATE utf32_bin NOT NULL,
  `discount_id` bigint(20) DEFAULT NULL,
  `sum` varchar(20) COLLATE utf32_bin NOT NULL,
  `total` varchar(20) COLLATE utf32_bin NOT NULL,
  `created_at` timestamp NOT NULL DEFAULT current_timestamp(),
  `updated_at` timestamp NOT NULL DEFAULT current_timestamp(),
  `deleted_at` timestamp NULL DEFAULT NULL,
  `status` int(11) NOT NULL,
  `discount` varchar(10) COLLATE utf32_bin DEFAULT '0',
  `code` varchar(20) COLLATE utf32_bin DEFAULT NULL COMMENT 'کد تحویل بلیت'
) ENGINE=InnoDB DEFAULT CHARSET=utf32 COLLATE=utf32_bin;

--
-- Dumping data for table `factors`
--

INSERT INTO `factors` (`id`, `users_id`, `purchase_date`, `discount_id`, `sum`, `total`, `created_at`, `updated_at`, `deleted_at`, `status`, `discount`, `code`) VALUES
(1, 1, '', NULL, '0', '0', '2020-05-08 04:03:29', '2020-05-08 04:03:29', NULL, 4, '0', NULL),
(2, 2, '1587313179', NULL, '60000', '60000', '2020-04-12 21:48:27', '2020-04-19 09:05:09', NULL, 2, NULL, NULL),
(3, 3, '1587313182', NULL, '90000', '90000', '2020-04-12 21:48:27', '2020-04-19 09:05:09', NULL, 2, NULL, NULL),
(4, 4, '1587314826', NULL, '30000', '30000', '2020-04-12 21:48:27', '2020-04-19 09:05:09', NULL, 2, NULL, NULL),
(5, 2, '1587314837', NULL, '40000', '40000', '2020-04-12 21:48:27', '2020-04-19 09:05:09', NULL, 2, NULL, NULL),
(6, 7, '1587314567', NULL, '100000', '100000', '2020-04-12 21:48:27', '2020-04-19 09:05:09', NULL, 2, NULL, NULL),
(7, 5, '1587315872', NULL, '80000', '80000', '2020-04-12 21:48:27', '2020-04-19 09:05:09', NULL, 2, NULL, NULL),
(8, 3, '1587315592', NULL, '160000', '200000', '2020-04-12 21:48:27', '2020-04-19 09:05:09', NULL, 2, NULL, NULL),
(9, 4, '1587316934', NULL, '120000', '150000', '2020-04-12 21:48:27', '2020-04-19 09:05:09', NULL, 2, NULL, NULL),
(10, 5, '1587316145', NULL, '80000', '80000', '2020-04-12 21:48:27', '2020-04-19 09:05:09', NULL, 2, NULL, NULL),
(11, 7, '1587317474', NULL, '160000', '160000', '2020-04-12 21:48:27', '2020-04-19 09:05:09', NULL, 2, NULL, NULL),
(12, 1, '1587317502', NULL, '320000', '320000', '2020-04-12 21:48:27', '2020-04-19 09:05:09', NULL, 2, NULL, NULL),
(13, 6, '1587318594', NULL, '160000', '160000', '2020-04-12 21:54:36', '2020-04-19 09:05:09', NULL, 2, NULL, NULL),
(14, 3, '1587318599', NULL, '240000', '240000', '2020-04-12 21:54:36', '2020-04-19 09:05:09', NULL, 2, NULL, NULL),
(25, 1, '1587318739', NULL, '560000', '560000', '2020-04-19 04:21:16', '2020-04-19 09:05:09', NULL, 2, NULL, NULL),
(32, 2, '1587618311', NULL, '40000', '40000', '2020-04-22 20:05:11', '2020-04-22 20:05:25', NULL, 3, '0', NULL),
(33, 1, '1588009487', NULL, '60000', '60000', '2020-04-27 08:44:47', '2020-05-07 23:39:55', NULL, 2, '0', NULL),
(38, 2, '1588338823', NULL, '30000', '30000', '2020-05-01 04:13:43', '2020-05-01 04:14:09', NULL, 3, '0', NULL),
(40, 2, '1588360309', NULL, '30000', '30000', '2020-05-01 10:11:49', '2020-05-01 10:12:48', '2020-05-01 10:12:48', 3, '0', NULL),
(50, 1, '1587313593', NULL, '150000', '150000', '2020-04-12 21:48:27', '2020-04-19 09:05:09', NULL, 2, NULL, NULL),
(51, 1, '1588927504', NULL, '40000', '40000', '2020-05-07 23:45:04', '2020-05-07 23:51:48', NULL, 2, '0', '5110'),
(52, 1, '1588930368', 2, '80000', '40000', '2020-05-08 00:32:48', '2020-05-08 00:33:53', NULL, 2, '40000', NULL),
(53, 1, '1588930503', NULL, '30000', '30000', '2020-05-08 00:35:03', '2020-05-08 00:36:01', NULL, 2, '0', '533'),
(54, 1, '1588931349', NULL, '0', '0', '2020-05-08 00:49:09', '2020-05-08 00:49:09', NULL, 1, '0', NULL);

-- --------------------------------------------------------

--
-- Table structure for table `factors_show`
--

CREATE TABLE `factors_show` (
  `shows_id` bigint(20) UNSIGNED NOT NULL,
  `factors_id` bigint(20) UNSIGNED NOT NULL,
  `seat_number` varchar(10) COLLATE utf32_bin NOT NULL
) ENGINE=InnoDB DEFAULT CHARSET=utf32 COLLATE=utf32_bin;

--
-- Dumping data for table `factors_show`
--

INSERT INTO `factors_show` (`shows_id`, `factors_id`, `seat_number`) VALUES
(3, 50, 'D1'),
(3, 50, 'D2'),
(3, 50, 'D3'),
(3, 50, 'D4'),
(3, 50, 'D5'),
(3, 50, 'D6'),
(3, 50, 'D7'),
(3, 50, 'D8'),
(3, 50, 'D9'),
(3, 50, 'D10'),
(3, 2, 'E4'),
(3, 2, 'E5'),
(3, 2, 'E6'),
(3, 2, 'E7'),
(9, 3, 'E1'),
(9, 3, 'E2'),
(9, 3, 'E3'),
(9, 3, 'E4'),
(9, 3, 'E5'),
(9, 3, 'E6'),
(11, 4, 'F5'),
(11, 4, 'F6'),
(6, 5, 'G3'),
(6, 5, 'G4'),
(10, 6, 'D1'),
(10, 6, 'D2'),
(10, 6, 'D3'),
(10, 6, 'D4'),
(10, 6, 'D5'),
(12, 7, 'C3'),
(12, 7, 'C4'),
(16, 8, 'B4'),
(16, 8, 'B5'),
(16, 8, 'B6'),
(16, 8, 'B7'),
(15, 9, 'A1'),
(15, 9, 'A2'),
(15, 9, 'A3'),
(14, 10, 'B6'),
(14, 10, 'B7'),
(17, 11, 'C5'),
(17, 11, 'C6'),
(17, 12, 'B4'),
(17, 12, 'B5'),
(17, 12, 'B6'),
(17, 12, 'B7'),
(19, 13, 'A7'),
(19, 13, 'A8'),
(20, 14, 'A6'),
(20, 14, 'A7'),
(20, 14, 'A8'),
(3, 25, 'A5'),
(3, 25, 'A6'),
(3, 25, 'A7'),
(3, 25, 'A8'),
(3, 25, 'A9'),
(3, 25, 'A10'),
(3, 25, 'A11'),
(19, 32, 'K11'),
(8, 38, '0'),
(8, 38, 'I9'),
(8, 38, 'I10'),
(11, 40, '0'),
(11, 40, 'C7'),
(11, 40, 'C6'),
(9, 33, 'A7'),
(9, 33, 'A8'),
(9, 33, 'G10'),
(10, 51, 'H10'),
(10, 51, 'H9'),
(19, 52, 'J12'),
(19, 52, 'J11'),
(3, 53, 'G12'),
(3, 53, 'G13'),
(1, 1, '0'),
(1, 1, 'A4'),
(1, 1, 'A3'),
(1, 54, '0');

-- --------------------------------------------------------

--
-- Table structure for table `factors_status`
--

CREATE TABLE `factors_status` (
  `id` int(11) NOT NULL,
  `name` varchar(10) COLLATE utf32_bin NOT NULL
) ENGINE=InnoDB DEFAULT CHARSET=utf32 COLLATE=utf32_bin;

--
-- Dumping data for table `factors_status`
--

INSERT INTO `factors_status` (`id`, `name`) VALUES
(1, 'Reserve'),
(2, 'User'),
(3, 'BoxOffice'),
(4, 'Admin');

-- --------------------------------------------------------

--
-- Table structure for table `failed_jobs`
--

CREATE TABLE `failed_jobs` (
  `id` bigint(20) UNSIGNED NOT NULL,
  `connection` text COLLATE utf8mb4_unicode_ci NOT NULL,
  `queue` text COLLATE utf8mb4_unicode_ci NOT NULL,
  `payload` longtext COLLATE utf8mb4_unicode_ci NOT NULL,
  `exception` longtext COLLATE utf8mb4_unicode_ci NOT NULL,
  `failed_at` timestamp NOT NULL DEFAULT current_timestamp()
) ENGINE=InnoDB DEFAULT CHARSET=utf8mb4 COLLATE=utf8mb4_unicode_ci;

-- --------------------------------------------------------

--
-- Table structure for table `favorites`
--

CREATE TABLE `favorites` (
  `users_id` bigint(20) UNSIGNED NOT NULL,
  `events_id` bigint(20) UNSIGNED NOT NULL
) ENGINE=InnoDB DEFAULT CHARSET=utf32 COLLATE=utf32_bin;

--
-- Dumping data for table `favorites`
--

INSERT INTO `favorites` (`users_id`, `events_id`) VALUES
(1, 1);

-- --------------------------------------------------------

--
-- Table structure for table `genders`
--

CREATE TABLE `genders` (
  `id` int(11) NOT NULL,
  `name` varchar(100) COLLATE utf32_bin NOT NULL
) ENGINE=InnoDB DEFAULT CHARSET=utf32 COLLATE=utf32_bin;

--
-- Dumping data for table `genders`
--

INSERT INTO `genders` (`id`, `name`) VALUES
(1, 'خانم'),
(2, 'آقا');

-- --------------------------------------------------------

--
-- Table structure for table `genres`
--

CREATE TABLE `genres` (
  `id` int(10) UNSIGNED NOT NULL,
  `name` varchar(100) COLLATE utf32_bin NOT NULL,
  `created_at` timestamp NOT NULL DEFAULT current_timestamp(),
  `updated_at` timestamp NOT NULL DEFAULT current_timestamp()
) ENGINE=InnoDB DEFAULT CHARSET=utf32 COLLATE=utf32_bin;

--
-- Dumping data for table `genres`
--

INSERT INTO `genres` (`id`, `name`, `created_at`, `updated_at`) VALUES
(1, 'درام', '2020-04-23 22:58:14', '2020-04-23 22:58:14'),
(2, 'ترسناک', '2020-04-23 22:58:14', '2020-04-23 22:58:14'),
(3, 'عاشقانه', '2020-04-23 22:58:14', '2020-04-23 22:58:14'),
(4, 'اکشن', '2020-04-23 22:58:14', '2020-04-23 22:58:14'),
(5, 'کمدی', '2020-04-23 22:58:14', '2020-04-23 22:58:14'),
(6, 'انیمیشن', '2020-04-23 22:58:14', '2020-04-23 22:58:14'),
(7, 'علمی-تخیلی', '2020-04-23 22:58:14', '2020-04-23 22:58:14'),
(8, 'ماجراجویی', '2020-04-23 22:58:14', '2020-04-23 22:58:14'),
(9, 'سنتی', '2020-04-23 22:58:14', '2020-04-23 22:58:14'),
(10, 'پاپ', '2020-04-23 22:58:14', '2020-04-23 22:58:14'),
(11, 'راک', '2020-04-23 22:58:14', '2020-04-23 22:58:14'),
(12, 'کلاسیک', '2020-04-23 22:58:14', '2020-04-23 22:58:14'),
(13, 'کودک', '2020-04-23 22:58:14', '2020-04-23 22:58:14'),
(14, 'موزیکال', '2020-04-23 22:58:14', '2020-04-23 22:58:14'),
(15, 'آیینی', '2020-04-23 22:58:14', '2020-04-23 22:58:14'),
(16, 'خانوادگی', '2020-04-23 22:58:14', '2020-04-23 22:58:14'),
(17, 'اجتماعی', '2020-04-23 22:58:14', '2020-04-23 22:58:14');

-- --------------------------------------------------------

--
-- Table structure for table `images`
--

CREATE TABLE `images` (
  `id` int(11) NOT NULL,
  `imageable_id` bigint(20) UNSIGNED DEFAULT NULL,
  `imageable_type` varchar(100) DEFAULT NULL,
  `path` varchar(100) DEFAULT NULL,
  `created_at` timestamp NOT NULL DEFAULT current_timestamp(),
  `updated_at` timestamp NOT NULL DEFAULT current_timestamp()
) ENGINE=InnoDB DEFAULT CHARSET=latin1;

--
-- Dumping data for table `images`
--

INSERT INTO `images` (`id`, `imageable_id`, `imageable_type`, `path`, `created_at`, `updated_at`) VALUES
(1, 1, 'App\\Models\\Events', 'images/movies/motreb.jpg', '2020-04-15 12:50:15', '2020-04-15 12:50:15'),
(2, 2, 'App\\Models\\Events', 'images/movies/khobbadjelf2.jpg', '2020-04-15 12:51:53', '2020-04-15 12:51:53'),
(3, 3, 'App\\Models\\Events', 'images/movies/khobbadjelf.jpg', '2020-04-15 14:01:25', '2020-04-15 14:01:25'),
(4, 4, 'App\\Models\\Events', 'images/movies/lunezanbur.jpg', '2020-04-15 14:01:25', '2020-04-15 14:01:25'),
(5, 5, 'App\\Models\\Events', 'images/movies/aynebaqal.jpg', '2020-04-15 14:01:25', '2020-04-15 14:01:25'),
(6, 6, 'App\\Models\\Events', 'images/movies/meli.jpg', '2020-04-15 14:01:25', '2020-04-15 14:01:25'),
(7, 7, 'App\\Models\\Events', 'images/movies/saraayda.jpg', '2020-04-15 14:01:25', '2020-04-15 14:01:25'),
(8, 8, 'App\\Models\\Events', 'images/movies/vilayiha.jpg', '2020-04-15 14:01:25', '2020-04-15 14:01:25'),
(9, 9, 'App\\Models\\Events', 'images/movies/narenjipush.jpg', '2020-04-15 14:01:25', '2020-04-15 14:01:25'),
(10, 10, 'App\\Models\\Events', 'images/movies/ma-hame-ba-ham-hastim.jpg', '2020-04-15 14:01:25', '2020-04-15 14:01:25'),
(11, 11, 'App\\Models\\Events', 'images/concerts/shahram-nazeri.jpg', '2020-04-15 14:20:28', '2020-04-15 14:20:28'),
(12, 12, 'App\\Models\\Events', 'images/concerts/shajariyan.jpg', '2020-04-15 14:20:28', '2020-04-15 14:20:28'),
(13, 13, 'App\\Models\\Events', 'images/concerts/makanband.jpg', '2020-04-15 14:20:28', '2020-04-15 14:20:28'),
(14, 14, 'App\\Models\\Events', 'images/concerts/chartar.jpg', '2020-04-15 14:20:28', '2020-04-15 14:20:28'),
(15, 15, 'App\\Models\\Events', 'images/concerts/salar-aghili.jpg', '2020-04-15 14:20:28', '2020-04-15 14:20:28'),
(16, 16, 'App\\Models\\Events', 'images/theaters/aberu.jpg', '2020-04-15 14:20:28', '2020-04-15 14:20:28'),
(17, 17, 'App\\Models\\Events', 'images/theaters/albumkhanevadegi.jpg', '2020-04-15 14:20:28', '2020-04-15 14:20:28'),
(18, 18, 'App\\Models\\Events', 'images/theaters/khashmohayahu.jpg', '2020-04-15 14:20:28', '2020-04-15 14:20:28'),
(19, 19, 'App\\Models\\Events', 'images/theaters/leylomajhool.jpg', '2020-04-15 14:20:28', '2020-04-15 14:20:28'),
(20, 20, 'App\\Models\\Events', 'images/theaters/raqsmarg.jpg', '2020-04-15 14:20:28', '2020-04-15 14:20:28'),
(21, 21, 'App\\Models\\Events', 'images/movies/jahan-ba-man-beraghs.jpg', '2020-04-16 02:01:48', '2020-04-16 02:01:48'),
(22, 1, 'App\\Models\\Posts', 'images/blogs/shir.jpg', '2020-04-16 02:46:07', '2020-04-16 02:46:07'),
(23, 2, 'App\\Models\\Posts', 'images/blogs/khobbad2.jpg', '2020-04-16 02:46:07', '2020-04-16 02:46:07'),
(24, 3, 'App\\Models\\Posts', 'images/blogs/motreb.jpg', '2020-04-16 02:47:06', '2020-04-16 02:47:06'),
(25, 4, 'App\\Models\\Posts', 'images/blogs/khobbad1.jpg', '2020-04-16 02:47:06', '2020-04-16 02:47:06'),
(26, 5, 'App\\Models\\Posts', 'images/blogs/khobbad3.jpeg', '2020-04-16 02:48:10', '2020-04-16 02:48:10'),
(27, 6, 'App\\Models\\Posts', 'images/blogs/sorush.jpg', '2020-04-16 02:48:10', '2020-04-16 02:48:10'),
(28, 7, 'App\\Models\\Posts', 'images/blogs/jahan.jpg', '2020-04-16 02:48:35', '2020-04-16 02:48:35'),
(29, 2, 'App\\Models\\Events', 'images/movies/khobbadjelf21.jpg', '2020-04-16 03:25:21', '2020-04-16 03:25:21'),
(30, 2, 'App\\Models\\Events', 'images/movies/khobbadjelf22.jpg', '2020-04-16 03:25:21', '2020-04-16 03:25:21'),
(31, 2, 'App\\Models\\Events', 'images/movies/khobbadjelf23.jpg', '2020-04-16 03:25:21', '2020-04-16 03:25:21'),
(32, 2, 'App\\Models\\Events', 'images/movies/khobbadjelf24.jpg', '2020-04-16 03:25:21', '2020-04-16 03:25:21'),
(33, 2, 'App\\Models\\Events', 'images/movies/khobbadjelf25.jpg', '2020-04-16 03:25:21', '2020-04-16 03:25:21'),
(34, 1, 'App\\Models\\Sliders', 'images/sliders/mali.jpg', '2020-04-16 05:31:18', '2020-04-16 05:31:18'),
(35, 2, 'App\\Models\\Sliders', 'images/sliders/lunezanbur.jpg', '2020-04-16 05:49:30', '2020-04-16 05:49:30'),
(36, 3, 'App\\Models\\Sliders', 'images/sliders/motreb.jpg', '2020-04-16 05:49:30', '2020-04-16 05:49:30'),
(37, 4, 'App\\Models\\Sliders', 'images/sliders/aynebaqal.jpg', '2020-04-16 05:51:43', '2020-04-16 05:51:43'),
(38, 5, 'App\\Models\\Sliders', 'images/sliders/ma-hame.jpg', '2020-04-16 06:01:53', '2020-04-16 06:01:53'),
(40, 22, 'App\\Models\\Events', 'images/movies/hezarpa.jpg', '2020-04-23 05:31:02', '2020-04-23 05:31:02'),
(47, 9, 'App\\Models\\Posts', 'images/blogs/157087448.jpg', '2020-04-23 10:33:28', '2020-04-23 10:33:28'),
(48, 32, 'App\\Models\\Events', 'images/movies/femaleavatar.png', '2020-04-23 20:48:46', '2020-04-23 20:48:46'),
(49, 6, 'App\\Models\\Sliders', 'images/sliders/vilayiha.jpg', '2020-04-24 02:33:16', '2020-04-24 03:16:53');

-- --------------------------------------------------------

--
-- Table structure for table `locations`
--

CREATE TABLE `locations` (
  `id` bigint(20) UNSIGNED NOT NULL,
  `name` varchar(100) COLLATE utf32_bin NOT NULL,
  `province` varchar(100) COLLATE utf32_bin NOT NULL,
  `city` varchar(100) COLLATE utf32_bin NOT NULL,
  `address` text COLLATE utf32_bin NOT NULL,
  `created_at` timestamp NOT NULL DEFAULT current_timestamp(),
  `updated_at` timestamp NOT NULL DEFAULT current_timestamp()
) ENGINE=InnoDB DEFAULT CHARSET=utf32 COLLATE=utf32_bin;

--
-- Dumping data for table `locations`
--

INSERT INTO `locations` (`id`, `name`, `province`, `city`, `address`, `created_at`, `updated_at`) VALUES
(1, 'پردیس سینمایی ملت', 'تهران', 'تهران', 'خیابان ولیعصر، ابتدای بزرگراه نیایش، پردیس سینمایی ملت', '2020-05-08 03:49:10', '2020-05-08 03:49:29'),
(2, 'سینما آزادی', 'تهران', 'تهران', 'خیابان شهید بهشتی، نبش خالد اسلامبولی (وزرا)', '2020-05-08 03:49:10', '2020-05-08 03:49:29'),
(3, 'سینما ماندانا', 'تهران', 'تهران', 'خیابان دماوند، اول سی متری نارمک', '2020-05-08 03:49:10', '2020-05-08 03:49:29'),
(4, 'تالار وحدت', 'تهران', 'تهران', 'خیابان حافظ، خیابان شهریار', '2020-05-08 03:49:10', '2020-05-08 03:49:29');

-- --------------------------------------------------------

--
-- Table structure for table `migrations`
--

CREATE TABLE `migrations` (
  `id` int(10) UNSIGNED NOT NULL,
  `migration` varchar(255) COLLATE utf8mb4_unicode_ci NOT NULL,
  `batch` int(11) NOT NULL
) ENGINE=InnoDB DEFAULT CHARSET=utf8mb4 COLLATE=utf8mb4_unicode_ci;

--
-- Dumping data for table `migrations`
--

INSERT INTO `migrations` (`id`, `migration`, `batch`) VALUES
(1, '2014_10_12_000000_create_users_table', 1),
(2, '2014_10_12_100000_create_password_resets_table', 1),
(3, '2019_08_19_000000_create_failed_jobs_table', 1);

-- --------------------------------------------------------

--
-- Table structure for table `password_resets`
--

CREATE TABLE `password_resets` (
  `email` varchar(255) COLLATE utf8mb4_unicode_ci NOT NULL,
  `token` varchar(255) COLLATE utf8mb4_unicode_ci NOT NULL,
  `created_at` timestamp NULL DEFAULT NULL
) ENGINE=InnoDB DEFAULT CHARSET=utf8mb4 COLLATE=utf8mb4_unicode_ci;

-- --------------------------------------------------------

--
-- Table structure for table `posts`
--

CREATE TABLE `posts` (
  `id` bigint(20) UNSIGNED NOT NULL,
  `title` varchar(100) CHARACTER SET utf8 COLLATE utf8_bin NOT NULL,
  `content` text CHARACTER SET utf8 COLLATE utf8_bin DEFAULT NULL,
  `created_at` timestamp NOT NULL DEFAULT current_timestamp(),
  `updated_at` timestamp NOT NULL DEFAULT current_timestamp(),
  `events_id` bigint(20) UNSIGNED DEFAULT NULL,
  `deleted_at` timestamp NULL DEFAULT NULL,
  `views` bigint(20) NOT NULL DEFAULT 0
) ENGINE=InnoDB DEFAULT CHARSET=latin1;

--
-- Dumping data for table `posts`
--

INSERT INTO `posts` (`id`, `title`, `content`, `created_at`, `updated_at`, `events_id`, `deleted_at`, `views`) VALUES
(1, 'خالق انیمیشن «شیرشاه» بر اثر کرونا درگذشت', 'آن سالیوان انیماتور فیلم انیمیشن سینمایی معروف «شیرشاه» سومین عضو خانه بازنشستگی تلویزیون وموشن پیکچرز است که بر اثر کرونا جان خود را ازدست می دهد.\r\n\r\nآن سالیوان انیماتور «شیرشاه» و «پری کوچک دریایی» محصول دیزنی، در ۹۱ سالگی بر اثر ابتلا به بیماری کووید ۱۹ درگذشت.\r\n\r\nانجمن بازنشستگان وودلند هیلز متعلق به صندوق تلویزیون و موشن پیکچرز خبر درگذشت سالیوان بر اثر مشکلات ناشی از بیماری کووید ۱۹ را رسما اعلام کرد.\r\n\r\n«اولیور و رفقا»(۱۹۸۸) «پری کوچک دریایی» (۱۹۸۹) «دانگرفیلد خانه به دوش»(۱۹۹۱) «دنیای خوب»(۱۹۹۲) «شیرشاه»(۱۹۹۴) «هرکولها»(۱۹۹۷) «تارزان»(۱۹۹۹) «زندگی جدید امپراتور»(۲۰۰۰) «لیلو و استیچ» و «سیاره گنج»(۲۰۰۲) ازجمله آثار شاخص او در زمینه فیلم های سینمایی انیمیشن هستند.', '2020-04-16 11:31:57', '2020-05-07 18:31:27', NULL, NULL, 67),
(2, 'پوستر رسمی«خوب بد جلف۲؛ارتش سری» منتشر شد/ برگزاری اولین اکران مردمی', 'پوستر فیلم سینمایی «خوب بد جلف۲؛ ارتش سری» به کارگردانی پیمان قاسم خانی و تهیه‌کنندگی محسن چگینی با طراحی شـایان شـفابخـش منتشر شد.\r\n\r\nاولین اکران مردمی «خوب بد جلف۲؛ ارتـش سـری» با حضور سام درخشانی، پژمان جمشیدی، حامد کمیلی و ریحانه پارسا چهارشنبه ۳۰ بهمن از ساعت ۱۹ الی ۲۲ در پردیس سینما کورش برگزار می شود.', '2020-04-16 10:34:39', '2020-04-30 19:32:01', 2, NULL, 41),
(3, '«مطرب» پرفروش‌ترین فیلم تاریخ سینمای ایران شد/ «هزارپا» پرمخاطب‌ترین فیلم ماند', 'در حالی که سال گذشته بسیاری فروش ۳۸ میلیاردی «هزارپا» را دست نیافتنی می‌دانستند، فیلم «مطرب» در پانزدهمین هفته اکرانش توانست گوی سبقت را از «هزارپا» برباید و عنوان پرفروش‌ترین فیلم تاریخ سینمای ایران را از آن خود کند.\r\n\r\nبا آغاز جشنواره فجر کمتر کسی تصور می‌کرد فروش بالای «مطرب» ادامه پیدا کند اما فیلم مصطفی کیایی فاصله بیش از یک میلیاردی اش با «هزارپا» را پشت سر گذاشت و حالا عنوان پرفروش‌ترین فیلم سینمای ایران را در اختیار دارد\r\n\r\nبا این وجود تعداد مخاطبان فیلم «مطرب» تاکنون بیش از 3،200،000 هزار نفربوده است که با تعداد مخاطبان 4 میلیونی هزارپا فاصله قابل توجهی دارد. بعید است «مطرب» حتی با ادامه اکران هم بتواند از نظر تعداد مخاطب به رکورد هزارپا دست یابد.', '2020-04-16 09:48:05', '2020-05-06 18:41:00', 1, NULL, 14),
(4, '«خوب، بد، جلف ۲» اولین گزینه اکران نوروز ۹۹ شد/ «عطر داغ» از ۳۰ بهمن در سینما', 'به گزارش سینماتیکت غلامرضا فرجی سخنگوی شورای صنفی نمایش درباره آخرین مصوبات جلسه امروز یکشنبه ۲۷ بهمن ماه گفت: فیلم سینمایی «خوب، بد، جلف ۲»  به کارگردانی پیمان قاسمخانی و تهیه کنندگی محسن چگینی از روز چهارشنبه سی بهمن ماه به سر گروهی سینما آزادی به عنوان اولین گزینه نوروزی سال ۹۹ اکران می‌شود و فیلم «عطر داغ» اولین ساخته سینمایی علی ابراهیمی و فیلم «چهل و هفت نفر» به سر گروهی باغ کتاب از روز چهارشنبه ۳۰ بهمن ماه اکران خود را آغاز می‌کنند. \r\n\r\nوی در پایان گفت: کف فروش بقیه فیلم ها به گونه ای است که اکران آنها ادامه می یابد.\r\n\r\n', '2020-04-16 08:50:20', '2020-05-07 18:26:37', 2, NULL, 14),
(5, 'شرکت بانو فیلم با «خوب، بد، جلف ۲: ارتش سری» شروع به کار کرد', 'شرکت «بانو فیلم» به مدیریت تینا پاکروان به تازگی فعالیت سینمایی خود را آغاز کرده است. این شرکت پخش فیلم کمدی «خوب بد جلف 2؛ ارتش سری» به کارگردانی پیمان قاسمخانی را بر عهده دارد.\r\nتینا پاکروان مدیرمسئول «بانو فیلم» متولد سال 1356 تهران است. دوره لیسانس کارگردانی را در دانشکده‌ی سینما-تئاتر تهران و تحصیلات تکمیلی‌اش را در دانشگاه یوسی‌ال آمریکا گذرانده است. او به جز کارگردانی و بازیگری تجربه فعالیت در زمینه‌های مختلف سینمایی را دارد و همچنین با بزرگانی نظیر بهرام بیضایی، مسعود کیمیایی، محمد ورزی، ضیالدین دری و ... کار کرده است.\r\nبعد از انجام فعالیت‌های گوناگون و ساختن پنج فیلم کوتاه و مستند او سرانجام 20 سال پس از شروع اولین فعالیت‌های سینمایی‌اش، در سن ۳۶ سالگی، اولین فیلم بلند سینمای‌اش «خانوم» را می‌سازد. او همچنین نویسنده، تهیه‌کننده و سرمایه‌گذار این فیلم هم هست. «خانوم» با بازی امین حیایی، شقایق فراهانی، سیامک انصاری، اشکان خطیبی و ... در سی‌ونهمین جشنواره بین‌المللی فجر-1392 به نمایش گذاشته شد. پاکروان هم‌زمان به‌عنوان بازیگر فیلم «مترو پل» مسعود کیمیایی نیز در این جشنواره حضور دارد. «زنان امروزی» و ایستادگی آنان در مقابل مشکلات، مهم‌ترین دغدغه او در اولین ساخته بلند سینمایی‌اش است. پاکروان در سال 94 باز هم به هیبت کارگردان با فیلم «نیمه‌شب اتفاق افتاد» در جشنواره فجر حضور پیدا می‌کند. \r\nاز فعالیت‌های دیگر او می‌توان به تدریس، انتشار کتاب، نقد، ترجمه، برگزاری نمایشگاه عکس اشاره‌کرد.', '2020-04-16 07:50:20', '2020-04-16 05:23:01', 2, NULL, 9),
(6, 'سروش صحت: نمی‌خواهم به مرگ فکر کنم ولی نمی‌شود', 'بخش‌هایی از گفتگو با سروش صحت درباره فیلم «جهان با من برقص» را بخوانید.\r\n\r\nبا توجه به سابقه‌ای که در نویسندگی و بازیگری دارید، چه اتفاقی افتاد که تصمیم گرفتید فیلم بسازید؟ کارگردانی سینما را اساسا چرا این همه دیر شروع کردید؟\r\n\r\nبله، من دیر وارد عرصه سینما و تلویزیون شدم، یعنی وقتی برای اولین‌بار به عنوان بازیگر و نویسنده در سینما و تلویزیون مشغول شدم، سنم زیاد بود و هیچ شناختی از این مقوله نیز نداشتم. باید سال‌ها می‌گذشت تا بدانم قضیه از چه قرار است. بعد از مدتی کارگردانی تلویزیون به من پیشنهاد شد که از آن هم هیچ شناختی نداشتم. باید چند سریال می‌ساختم تا اعتماد به نفس لازم برای کار کردن در سینما را به دست بیاورم. تا قبل از فیلم «جهان با من برقص» از نظر روحی، روانی و ذهنی آمادگی ساخت یک کار سینمایی را نداشتم و احساس می‌کردم در این زمینه تجربه لازم را ندارم.\r\n\r\nدر سال‌های اخیر کمدی‌های خوبی ندیدیم. با توجه یه اینکه جهان با من برقص اولین فیلم سینمایی شماست و رگه‌های کمدی هم در آن لحاظ شده، نگران چگونگی قضاوت شدن نبودید؟\r\n\r\nاتفاقا نگرانی من برعکس بود، چون من این کار را طنز نمی‌دانم و معتقدم فیلم «جهان با من برقص» فیلم طنز نیست و از این بابت نگران بودم که نکند مخاطب انتظار کار کمدی از این فیلم داشته باشد و بعد که این فیلم را ببیند دلخور شود که چرا خنده‌دار نبود. البته خوشحالم الان که مخاطب به سینما می‌رود به قسمت‌هایی از فیلم می‌خندد چون فکر می‌کردم ممکن است مخاطب با تماشای این صحنه‌ها فقط لبخند بزند، اما خدا را شکر خنده مخاطب در طول فیلم بیشتر از انتظار من است.\r\n\r\nبعضی فیلمسازها مرگ‌اندیش هستند. شما هم همین‌ طورید؟\r\n\r\nبله، خیلی زیاد به مرگ فکر می‌کنم. دوست دارم به آن فکر نکنم ولی نمی‌شود .\r\n\r\nیادآوری مرگ به خودی خود ترسناک است ولی فیلم «جهان با من برقص» ترس را به مخاطب القا نمی‌کند.\r\n\r\nراستش را بخواهید به نظر من هم مرگ بسیار ترسناک است، اما معتقدم بزرگ‌ترین اتفاق زندگی ما آدم‌ها مرگ است. به عبارتی دو اتفاق مهم در زندگی همه ما روی می‌دهد که مهم است؛ برخلاف عده‌ای که ازدواج کردن و بچه‌دار شدن را مهم می‌دانند، نظر من این است که تولد و مرگ از هر چیزی در این دنیا مهم‌ترند. به گمان من این برهه از زمان و زندگی - البته فارغ از حیات اخروی - وقتی تمام می‌شود ناراحت‌کننده است. هر پایانی آدم را ناراحت می‌کند. ما وقتی دوره دبستان را هم تمام می‌کنیم و به راهنمایی می‌رویم، ناراحت می‌شویم چون یک‌سری از دوستان‌مان را از دست می‌دهیم و شاید اصلا ترک تحصیل کنیم. راستش دلم می‌خواهد راه‌ها و روش‌هایی برای ذهنم در رویارویی با مرگ پیدا کنم که این غم و سیاهی بزرگ را که ناشناخته و عظیم و عجیب و گنگ و مبهم است، راحت‌تر بپذیرم به خصوص اینکه اکنون نه تنها وارد میانسالی شدم که میانسالی را هم تقریبا دارم پشت سر می‌گذارم. در «جهان با من برقص» تلاش کردم، کاری کنم که تمام این دغدغه‌ها و فکرها برای خودم و مخاطبم دوست‌داشتنی‌تر و راحت‌تر شوند چون مرگ ناشناخته بزرگی است.', '2020-04-16 02:00:40', '2020-04-23 19:34:00', 21, NULL, 8),
(7, '«جهان با من برقص» به صدر جدول رسید/ جدول فروش تا 29 بهمن', 'فیلم «جهان با من برقص» به کارگردانی سروش صحت در هفتمین هفته اکرانش با فروش 663 میلیون تومان توانست از «مطرب» عبور کرده و خود را به صدر جدول برساند. \r\n\r\nدر خلاصه داستان فیلم آمده است: دوستان جهانگیز برای آخرین تولد او دورهم جمع شده‌اند. این موقعیت موجب می‌شود آن‌ها درباره زندگی و خودشان فکر کنند.\r\nعلی مصفا، جواد عزتی، هانیه توسلی، پژمان جمشیدی، سیاوش چراغی‌پور، کاظم سیاحی و مهراب قاسم‌خانی در این فیلم به ایفای نقش پرداخته‌اند.\r\n\r\n«مطرب» به کارگردانی مصطفی کیایی با فروش هفتگی 586 میلیون تومان در رتبه دوم جدول قرار گرفت. همچنین «مطرب» این هفته به مجموع فروش 38.2 دست یافت و عنوان پرفروش‌ترین فیلم تاریخ سینما را از آن خود کرد لقبی که پیش از این در اختیار هزارپا بود. با این وجود تعداد مخاطبان «مطرب» تا کنون بیش از 3 میلیون نفر بوده است که بعید به نظر می‌رسد در مدت باقی مانده به رکورد 4 میلیون مخاطب هزارپا دست پیدا کند.\r\n\r\n«زیر نظر» با فروش 453 و «چشم و گوش بسته» با فروش 341 دیگر کمدی‌های پرفروش هفته بودند که به ترتیب در رتبه سوم و چهارم جدول فروش قرار گرفتند.\r\n\r\nپنجمین فیلم پرفروش هفته نیز «تورنادو» ساخته جواد هاشمی با فروش 262 میلیون بود. این فیلم که مخصوص کودکان و نوجوانان است، داستان پروفسوری را روایت می‌کند که موفق به ساخت یک رستوران شده است. رستورانی که در نهایت به یک سفینه تبدیل می‌شود. حال با ورود چهار نوجوان به قصه و با شیطنت آنان، این سفینه مقداری زودتر از موعد به پرواز درمی‌آید. سفینه در نهایت به فضا رفته و در یک سرزمین ناشناخته فرود می آید.\r\n', '2020-04-16 02:10:38', '2020-04-17 07:40:03', 21, NULL, 11),
(9, 'حال این روزهای تماشای آنلاین خوب است', 'علیرضا تابش، مدیرعامل بنیاد سینمایی فارابی\r\nتلاطم زیادی در خصوص وضعیت کسب و کارها وجود دارد، و ویدیوهای مختلفی دائما منتشر می‌شود تا مردم جویای اخبار را به ماندن در خانه تشویق کند اما در این میان، به نظر می‌رسد کسب و کارهای آنلاین از جمله بخش‌هایی هستند که روزهای خوبی را پشت سر می‌گذارند. این موضوع نه فقط به خریدهای آنلاین، که ارائه‌دهندگان سرویس‌ ویدیوهای درخواستی را نیز شامل می‌شود. شاید این موضوع علی‌رغم تعطیلی سالن‌های سینما، برای فعالان حوزه فیلم که اغلب روش‌های سنتی نمایش فیلم، یکی از گره‌های کاری آن‌ها به‌ویژه برای عرضه بین‌المللی بوده، زیاد هم خبر بدی نباشد.\r\n\r\nاز آنجا که در روزهای آغازین سال نو و با استفاده از توفیق اجباری قرنطینه‏، در حال کار بر روی پایان‏نامه‏ام با موضوع «بازاریابی دیجیتال برای صنعت سینمای کشور» بودم، شرایط و احوال این روزها، روایت دیگری در ذهن من شکل داده است، حقیقت این است که علاوه بر بازار تغییرشکل یافته و منحصر به فرد سینما در ایران باعث شده است، فرآیند بازاریابی بین‏المللی سینما در کشورمان، عموماً در محدوده‏ی تلاشهای تجربی و سنتی باقی بماند، حالا مواجهه‏ی این هنر/صنعت با این شرایط جدید و خیل مشتاقان و کاربران داخلی و خارجی، و گسترش قابل توجه ترافیک اینترنت در کشور، فعالان این حوزه را با شرایط جدیدی مواجه کردند.\r\nالبته پخش‌کنندگان بین‌المللی ایران به تجربه دریافته‌اند که کانال توزیع باید با فرهنگ مصرف در بازار هر کشور متناسب باشد و اکران سینمایی لزوماً راه مناسبی برای بازار فیلم همه کشورها و سهم گرفتن از مخاطب فیلم‌بین آن‌ها نیست. به‌کارگیری فناوری در پخش و عرضه آنلاین و روی آوردن فعالان جوان به این روش‌ها، نقشه راه جدیدی را وارد بحث توزیع بین‌المللی آثار تصویری ایران کرده است.\r\nدر این نقشه راه جدید، لازم است که ویژگیهای پخش آنلاین و اکران اینترنتی به خوبی مورد مداقه و بررسی قرار گیرد. لزوم تناسب رسانه با عادات مخاطبان را نیز نباید از نظر دور داشت. به گفته دیگر، در سیستم پخش بین‌المللی سنتی باید تغییر و به‌روزرسانی صورت گیرد تا هم بتوان به مخاطبان نهایی فیلم‌بین در کشورهای مختلف دسترسی بهتری پیدا کرد و هم مخاطبان جدیدی را از نسل فناوری‌جو جذب نمود. این کار مستلزم تخصصی کردن سیستم توزیع داخلی و بین‌المللی است که برای آن، عرضه باید متناسب با قالب و ژانر فیلم و محصول تصویری و نیز عادات مخاطبان در بازارهای هدف مختلف صورت گیرد. شناخت «لبه‏ی تکنولوژی» و پرهیز از استفاده از فناوریهای قدیمی شده، الزام دیگری است که باید به جد آن را رعایت کرد، اختراع دوباره‏ی چرخ و تشکیک در امور اثبات شده از آسیبهای جدی انتقال تکنولوژی به کشورمان بوده است که باید از آن در این حوزه اجتناب کرد.\r\nمساله‌ی دیگری که نباید از آن غافل شد، این است که فناوری دیجیتال موجب پدید آمدن بازارهای جدیدی برای محصولات تصویری در دنیا شده است. این بازارهای جدید تحت تاثیر فناوری، به دلیل ظهور رسانه‌های جدید و تعریف حق‌امتیازهای جدید برای آن‌ها شکل گرفته‌اند که می‌توان در تدوین نقشه راه اشاره شده برای صنعت تصویر ایران در بخش عرضه بین‌المللی، به آن توجه کرد و از آن سهم گرفت. با افزایش سهم از هریک از بخش‌های بازار، می‌توان میزان درآمد حاصل از هر محصول را نیز افزایش داد. علاوه بر آن،فناوری ، نقشه رقابت در بازارهای فیلم را دگرگون کرده که در صورت نادیده گرفته‌شدن می‌تواند در نهایت به از دست دادن سهم بازارهای موجود نیز بیانجامد. بنابراین، صنعت فیلم و تصویر در ایران باید در مدل‌های کسب و کار خود، نه ‌تنها روش‌های توزیع آنلاین را منظور کند، باید بتواند فراتر از آن به عنوان کشوری صاحب سینما در منطقه، با آینده‌نگری در جهت تبدیل‌شدن به هاب پخش و ارتباطاتی محصولات تصویری و راه‌اندازی سرویس منطقه‌ای ویدیوهای درخواستی گام بردارد.\r\nوضعیت به‌وجودآمده پس از تعطیلی سالن‌های سینما در پی شیوع بیماری همه‌گیر کوئید-۱۹ و البته افزایش دوباره در فعالیت کانال‌های تلگرامی دانلود غیرقانونی فیلم‌ها و محصولات تصویری، نشان از بی‌پاسخ ماندن تقاضای بخش‌هایی از بازار محصولات تصویری از طریق عرضه قانونی به‌ویژه در داخل کشور است. کندی پیگیری این موضوع به بهانه زیرساختی‌ مانند سرعت و کیفیت اینترنت نیز شاید دیگر دلیل خوبی نباشد، چرا که معلوم شد وضعیت کشورهای دیگر دنیا نیز در زمان اوج‌گیری تقاضا بهتر از این نبوده و کمپانی‌هایی مانند نتفلیکس را مجبور ساخته تا با کاهش کیفیت ویدیوهای ارائه‌شده تا ۲۵ درصد از بار به‌ وجود آمده بر روی مصرف اینترنت را در کشورهای مختلف بکاهد. خبرهایی مانند اکران آنلاین فیلم‌هایی مانند «خروج» که قید اکران سینمایی را در شرایط فعلی زده‌اند، اقدام شجاعانه‌ای است که می‌تواند پیشرو تحولی در وضعیت فعلی نمایش آثار سینمایی باشد و البته فرصت بررسی نتایج ناشی از این اقدام را نیز در شرایط ناگزیر فعلی فراهم آورد. البته، «خروج» اولین فیلمی نیست که دست به چنین اقدامی می‌زند، اما اولین محصول در این حد و اندازه است که فرایند عرضه آن با اکران آنلاین آغاز می‌شود. این کار، نه فقط برای بازار داخل، بلکه برای ایرانیان خارج از کشور که در این روزها در شرایط مشابهی به سر می‌برند، لازم بوده تا تهدید ناشی این بیماری به فرصت مناسبی برای ایجاد بازار جدید و گسترش بازارهای قبلی تبدیل شده و بدانند به جای دانلودهای غیرقانونی، می‌توانند به‌روزترین آثار تصویری و سینمایی را با عضویت در VOD‌ها و IPTV‌های رسمی و قانونی به تماشا بنشینند.', '2020-04-23 10:33:28', '2020-05-03 09:21:10', NULL, NULL, 61);

-- --------------------------------------------------------

--
-- Table structure for table `reviews`
--

CREATE TABLE `reviews` (
  `id` bigint(20) UNSIGNED NOT NULL,
  `users_id` bigint(20) UNSIGNED NOT NULL,
  `events_id` bigint(20) UNSIGNED NOT NULL,
  `rating` int(11) DEFAULT NULL,
  `comment` varchar(4000) COLLATE utf32_bin DEFAULT NULL,
  `created_at` timestamp NOT NULL DEFAULT current_timestamp(),
  `updated_at` timestamp NOT NULL DEFAULT current_timestamp(),
  `status` bit(1) NOT NULL DEFAULT b'0'
) ENGINE=InnoDB DEFAULT CHARSET=utf32 COLLATE=utf32_bin;

--
-- Dumping data for table `reviews`
--

INSERT INTO `reviews` (`id`, `users_id`, `events_id`, `rating`, `comment`, `created_at`, `updated_at`, `status`) VALUES
(1, 1, 1, 5, NULL, '2020-04-16 14:53:53', '2020-04-24 10:10:31', b'1'),
(3, 1, 3, 5, NULL, '2020-04-16 14:53:53', '2020-04-16 14:53:53', b'0'),
(4, 2, 3, 4, NULL, '2020-04-16 14:53:53', '2020-04-16 14:53:53', b'0'),
(5, 1, 5, 3, NULL, '2020-04-16 14:53:53', '2020-04-16 14:53:53', b'0'),
(6, 4, 1, 1, NULL, '2020-04-16 15:49:26', '2020-04-16 15:49:26', b'0'),
(7, 1, 16, 4, 'واقعا یک اثر هنری زیبا بود، من بسیار لذت بردم.', '2020-04-18 05:58:28', '2020-04-23 20:32:31', b'1'),
(8, 3, 16, 3, 'نمایشنامه ی جالبی بود اما خیلی خوب اجرا نشده بود!', '2020-04-18 06:19:55', '2020-04-18 06:19:55', b'0'),
(9, 2, 1, 5, 'واقعا باحال و خنده دار بود.', '2020-04-18 03:36:42', '2020-04-23 21:02:22', b'1'),
(10, 6, 1, 5, 'خیلی خنده دار بود ، حتما با خانواده برید ببینید.', '2020-04-18 03:41:32', '2020-04-23 20:27:10', b'1'),
(14, 1, 8, 3, 'بد نبود', '2020-05-05 09:01:07', '2020-05-05 09:01:07', b'0');

-- --------------------------------------------------------

--
-- Table structure for table `roles`
--

CREATE TABLE `roles` (
  `id` int(11) NOT NULL,
  `name` varchar(100) COLLATE utf32_bin NOT NULL
) ENGINE=InnoDB DEFAULT CHARSET=utf32 COLLATE=utf32_bin;

--
-- Dumping data for table `roles`
--

INSERT INTO `roles` (`id`, `name`) VALUES
(1, 'Admin'),
(2, 'User'),
(3, 'BoxOffice');

-- --------------------------------------------------------

--
-- Table structure for table `roles_user`
--

CREATE TABLE `roles_user` (
  `roles_id` int(11) NOT NULL,
  `users_id` bigint(20) UNSIGNED NOT NULL
) ENGINE=InnoDB DEFAULT CHARSET=utf32 COLLATE=utf32_bin;

--
-- Dumping data for table `roles_user`
--

INSERT INTO `roles_user` (`roles_id`, `users_id`) VALUES
(1, 1),
(2, 3),
(2, 4),
(2, 5),
(2, 6),
(2, 7),
(3, 2);

-- --------------------------------------------------------

--
-- Table structure for table `salons`
--

CREATE TABLE `salons` (
  `id` bigint(20) UNSIGNED NOT NULL,
  `name` varchar(100) COLLATE utf32_bin NOT NULL,
  `locations_id` bigint(20) UNSIGNED NOT NULL,
  `created_at` timestamp NOT NULL DEFAULT current_timestamp(),
  `updated_at` timestamp NOT NULL DEFAULT current_timestamp()
) ENGINE=InnoDB DEFAULT CHARSET=utf32 COLLATE=utf32_bin;

--
-- Dumping data for table `salons`
--

INSERT INTO `salons` (`id`, `name`, `locations_id`, `created_at`, `updated_at`) VALUES
(1, 'سالن 1', 1, '2020-05-01 08:17:10', '2020-05-01 08:17:10'),
(2, 'سالن 2', 1, '2020-05-01 08:17:10', '2020-05-01 08:17:10'),
(3, 'سالن 1', 2, '2020-05-01 08:17:10', '2020-05-01 08:17:10'),
(4, 'سالن ویژه (VIP)', 2, '2020-05-01 08:17:10', '2020-05-01 08:17:10'),
(5, 'سالن 1', 3, '2020-05-01 08:17:10', '2020-05-01 08:17:10'),
(6, 'سالن 2', 3, '2020-05-01 08:17:10', '2020-05-01 08:17:10'),
(7, 'سالن اصلی 1', 4, '2020-05-01 08:17:10', '2020-05-01 08:17:10'),
(8, 'سالن گردان 2', 4, '2020-05-01 08:17:10', '2020-05-01 08:17:10'),
(9, 'تست', 2, '2020-05-01 03:47:22', '2020-05-01 03:47:22');

-- --------------------------------------------------------

--
-- Table structure for table `segments`
--

CREATE TABLE `segments` (
  `id` bigint(20) NOT NULL,
  `name` varchar(100) COLLATE utf8_bin NOT NULL,
  `row` varchar(10) COLLATE utf8_bin NOT NULL,
  `seat` varchar(10) COLLATE utf8_bin NOT NULL,
  `capicity` varchar(20) COLLATE utf8_bin NOT NULL,
  `orders` varchar(5) COLLATE utf8_bin NOT NULL,
  `price` varchar(10) COLLATE utf8_bin NOT NULL,
  `created_at` timestamp NOT NULL DEFAULT current_timestamp(),
  `updated_at` timestamp NOT NULL DEFAULT current_timestamp()
) ENGINE=InnoDB DEFAULT CHARSET=utf8 COLLATE=utf8_bin;

--
-- Dumping data for table `segments`
--

INSERT INTO `segments` (`id`, `name`, `row`, `seat`, `capicity`, `orders`, `price`, `created_at`, `updated_at`) VALUES
(1, 'همکف 2', '4', '5-8-5', '72', '2', '50000', '2020-05-01 08:19:26', '2020-05-01 08:19:26'),
(2, 'همکف 1', '3', '4-7-4', '45', '1', '80000', '2020-05-01 08:19:26', '2020-05-01 08:19:26'),
(3, 'بالکن', '2', '20', '40', '3', '40000', '2020-05-01 08:19:26', '2020-05-01 08:19:26'),
(4, 'همکف 1', '3', '3-6-3', '36', '1', '80000', '2020-05-01 08:19:26', '2020-05-01 08:19:26'),
(5, 'همکف 2', '4', '4-7-4', '60', '2', '60000', '2020-05-01 08:19:26', '2020-05-01 08:19:26'),
(6, 'همکف 3', '5', '5-8-5', '90', '3', '40000', '2020-05-01 08:19:26', '2020-05-01 08:19:26'),
(7, 'همکف 1', '3', '4-7-4', '45', '1', '70000', '2020-05-01 08:19:26', '2020-05-01 08:19:26'),
(8, 'همکف 2', '5', '5-8-5', '90', '2', '50000', '2020-05-01 08:19:26', '2020-05-01 08:19:26'),
(9, 'بالکن', '3', '10-10', '60', '3', '35000', '2020-05-01 08:19:26', '2020-05-01 08:19:26'),
(10, 'همکف 1', '2', '3-6-3', '24', '1', '100000', '2020-05-01 08:19:26', '2020-05-01 08:19:26'),
(11, 'همکف 2', '4', '4-7-4', '60', '2', '80000', '2020-05-01 08:19:26', '2020-05-01 08:19:26'),
(12, 'همکف 1', '3', '15', '45', '1', '40000', '2020-05-01 08:19:26', '2020-05-01 08:19:26'),
(13, 'همکف 2', '3', '8-8', '48', '2', '30000', '2020-05-01 08:19:26', '2020-05-01 08:19:26'),
(14, 'همکف 3', '2', '4-7-4', '30', '3', '20000', '2020-05-01 08:19:26', '2020-05-01 08:19:26'),
(15, 'همکف 1', '3', '3-6-3', '36', '1', '10000', '2020-05-01 08:19:26', '2020-05-01 08:19:26'),
(16, 'همکف 2', '4', '4-7-4', '60', '2', '80000', '2020-05-01 08:19:26', '2020-05-01 08:19:26'),
(17, 'بالکن 1', '2', '6-5-6', '34', '3', '55000', '2020-05-01 08:19:26', '2020-05-01 08:19:26'),
(18, 'بالکن 2', '2', '7-6-7', '40', '4', '40000', '2020-05-01 08:19:26', '2020-05-01 08:19:26'),
(19, 'همکف 1', '2', '12', '24', '1', '110000', '2020-05-01 08:19:26', '2020-05-01 08:19:26'),
(20, 'همکف 2', '2', '7-7', '28', '2', '95000', '2020-05-01 08:19:26', '2020-05-01 08:19:26'),
(21, 'همکف 3', '3', '5-8-5', '54', '3', '80000', '2020-05-01 08:19:26', '2020-05-01 08:19:26');

-- --------------------------------------------------------

--
-- Table structure for table `shows`
--

CREATE TABLE `shows` (
  `id` bigint(20) UNSIGNED NOT NULL,
  `events_id` bigint(20) UNSIGNED NOT NULL,
  `salons_id` bigint(20) UNSIGNED NOT NULL,
  `date` date NOT NULL,
  `begin` time NOT NULL,
  `end` time NOT NULL,
  `num` int(10) UNSIGNED NOT NULL,
  `price` varchar(10) COLLATE utf32_bin NOT NULL DEFAULT '0',
  `created_at` timestamp NOT NULL DEFAULT current_timestamp(),
  `updated_at` timestamp NOT NULL DEFAULT current_timestamp(),
  `deleted_at` timestamp NULL DEFAULT NULL
) ENGINE=InnoDB DEFAULT CHARSET=utf32 COLLATE=utf32_bin;

--
-- Dumping data for table `shows`
--

INSERT INTO `shows` (`id`, `events_id`, `salons_id`, `date`, `begin`, `end`, `num`, `price`, `created_at`, `updated_at`, `deleted_at`) VALUES
(1, 1, 1, '1399-02-14', '09:45:00', '12:45:00', 60, '15000', '2020-04-12 10:37:12', '2020-04-12 10:37:12', NULL),
(2, 2, 2, '1399-02-12', '09:45:00', '12:45:00', 80, '20000', '2020-04-12 10:37:12', '2020-04-12 10:37:12', NULL),
(3, 3, 6, '1399-02-10', '13:45:00', '16:45:00', 60, '15000', '2020-04-12 10:37:12', '2020-04-12 10:37:12', NULL),
(4, 1, 2, '1399-02-14', '15:45:00', '18:45:00', 80, '15000', '2020-04-12 10:37:12', '2020-04-12 10:37:12', NULL),
(5, 1, 1, '1399-02-14', '19:45:00', '22:45:00', 60, '15000', '2020-04-12 10:37:12', '2020-04-12 10:37:12', NULL),
(6, 2, 2, '1399-02-12', '19:45:00', '22:45:00', 80, '20000', '2020-04-12 10:37:12', '2020-04-12 10:37:12', NULL),
(7, 1, 3, '1399-02-14', '10:30:00', '13:30:00', 70, '15000', '2020-04-12 10:37:12', '2020-04-12 10:37:12', NULL),
(8, 1, 3, '1399-02-14', '14:30:00', '17:30:00', 70, '15000', '2020-04-12 10:37:12', '2020-04-12 10:37:12', NULL),
(9, 1, 5, '1399-02-14', '17:00:00', '20:00:00', 80, '15000', '2020-04-12 10:37:12', '2020-04-12 10:37:12', NULL),
(10, 2, 6, '1399-02-12', '17:00:00', '20:00:00', 80, '20000', '2020-04-12 10:37:12', '2020-04-12 10:37:12', NULL),
(11, 1, 5, '1399-02-14', '21:00:00', '00:00:00', 80, '15000', '2020-04-12 10:37:12', '2020-04-12 10:37:12', NULL),
(12, 17, 4, '1399-02-22', '16:00:00', '18:00:00', 120, '0', '2020-04-12 10:37:12', '2020-04-12 10:37:12', NULL),
(13, 17, 4, '1399-02-22', '20:00:00', '22:00:00', 120, '0', '2020-04-12 10:37:12', '2020-04-12 10:37:12', NULL),
(14, 17, 8, '1399-02-22', '19:30:00', '21:30:00', 100, '0', '2020-04-12 10:37:12', '2020-04-12 10:37:12', NULL),
(15, 19, 7, '1399-02-17', '17:30:00', '20:00:00', 150, '0', '2020-04-12 10:37:12', '2020-05-01 01:46:00', '2020-05-01 01:46:00'),
(16, 19, 7, '1399-02-18', '17:30:00', '20:00:00', 150, '0', '2020-04-12 10:37:12', '2020-05-01 01:46:10', '2020-05-01 01:46:10'),
(17, 13, 7, '1399-02-25', '17:00:00', '21:00:00', 200, '0', '2020-04-12 10:37:12', '2020-04-12 10:37:12', NULL),
(18, 13, 7, '1399-02-26', '17:00:00', '21:00:00', 200, '0', '2020-04-12 10:37:12', '2020-04-12 10:37:12', NULL),
(19, 11, 7, '1399-02-23', '18:00:00', '22:00:00', 200, '0', '2020-04-12 10:37:12', '2020-04-12 10:37:12', NULL),
(20, 11, 7, '1399-02-27', '18:00:00', '22:00:00', 200, '0', '2020-04-12 10:37:12', '2020-04-12 10:37:12', NULL),
(21, 4, 2, '1399-02-01', '09:45:00', '12:45:00', 50, '15000', '2020-05-01 00:03:00', '2020-05-01 00:32:52', '2020-05-01 00:32:52'),
(22, 13, 7, '1399-02-01', '09:45:00', '12:45:00', 50, '0', '2020-05-01 00:51:25', '2020-05-01 00:51:25', NULL);

-- --------------------------------------------------------

--
-- Table structure for table `sliders`
--

CREATE TABLE `sliders` (
  `id` bigint(20) UNSIGNED NOT NULL,
  `title` varchar(100) COLLATE utf32_bin NOT NULL,
  `events_id` bigint(20) UNSIGNED NOT NULL,
  `created_at` timestamp NOT NULL DEFAULT current_timestamp(),
  `updated_at` timestamp NOT NULL DEFAULT current_timestamp()
) ENGINE=InnoDB DEFAULT CHARSET=utf32 COLLATE=utf32_bin;

--
-- Dumping data for table `sliders`
--

INSERT INTO `sliders` (`id`, `title`, `events_id`, `created_at`, `updated_at`) VALUES
(1, 'ملی و راه های نرفته اش', 6, '2020-04-24 07:03:13', '2020-04-24 07:03:13'),
(2, 'لونه زنبور', 4, '2020-04-24 07:03:13', '2020-04-24 07:03:13'),
(3, 'مطرب', 1, '2020-04-24 07:03:13', '2020-04-24 07:03:13'),
(4, 'آینه بغل', 5, '2020-04-24 07:03:13', '2020-04-24 07:03:13'),
(5, 'ما همه با هم هستیم', 10, '2020-04-24 07:03:13', '2020-04-24 07:03:13'),
(6, 'ویلایی ها', 8, '2020-04-24 02:33:16', '2020-04-24 02:33:16');

-- --------------------------------------------------------

--
-- Table structure for table `taggables`
--

CREATE TABLE `taggables` (
  `id` int(11) NOT NULL,
  `tags_id` int(10) UNSIGNED NOT NULL,
  `taggable_id` int(11) DEFAULT NULL,
  `taggable_type` varchar(250) DEFAULT NULL
) ENGINE=InnoDB DEFAULT CHARSET=latin1;

--
-- Dumping data for table `taggables`
--

INSERT INTO `taggables` (`id`, `tags_id`, `taggable_id`, `taggable_type`) VALUES
(1, 1, 1, 'App\\Models\\Posts'),
(2, 4, 2, 'App\\Models\\Posts'),
(3, 6, 2, 'App\\Models\\Posts'),
(4, 6, 3, 'App\\Models\\Posts'),
(5, 2, 4, 'App\\Models\\Posts'),
(6, 7, 6, 'App\\Models\\Posts'),
(7, 5, 7, 'App\\Models\\Posts');

-- --------------------------------------------------------

--
-- Table structure for table `tags`
--

CREATE TABLE `tags` (
  `id` int(10) UNSIGNED NOT NULL,
  `name` varchar(100) CHARACTER SET utf8 COLLATE utf8_bin DEFAULT NULL,
  `created_at` timestamp NOT NULL DEFAULT current_timestamp(),
  `updated_at` timestamp NOT NULL DEFAULT current_timestamp()
) ENGINE=InnoDB DEFAULT CHARSET=latin1;

--
-- Dumping data for table `tags`
--

INSERT INTO `tags` (`id`, `name`, `created_at`, `updated_at`) VALUES
(1, 'کرونا', '2020-04-17 09:39:32', '2020-04-17 09:39:32'),
(2, 'اکران', '2020-04-17 09:39:32', '2020-04-17 09:39:32'),
(3, 'جشنواره فجر', '2020-04-17 09:39:32', '2020-04-17 09:39:32'),
(4, 'پوستر', '2020-04-17 09:39:32', '2020-04-17 09:39:32'),
(5, 'جدول فروش', '2020-04-17 09:39:32', '2020-04-17 09:39:32'),
(6, 'کمدی', '2020-04-17 09:39:32', '2020-04-17 09:39:32'),
(7, 'اجتماعی', '2020-04-17 10:34:32', '2020-04-17 10:34:32');

-- --------------------------------------------------------

--
-- Table structure for table `transactions`
--

CREATE TABLE `transactions` (
  `id` bigint(20) UNSIGNED NOT NULL,
  `factors_id` bigint(20) UNSIGNED NOT NULL,
  `authority` varchar(100) COLLATE utf32_bin NOT NULL,
  `status` varchar(50) COLLATE utf32_bin NOT NULL,
  `type` int(11) NOT NULL,
  `created_at` timestamp NOT NULL DEFAULT current_timestamp(),
  `updated_at` timestamp NOT NULL DEFAULT current_timestamp(),
  `deleted_at` timestamp NULL DEFAULT NULL,
  `refid` varchar(100) COLLATE utf32_bin DEFAULT NULL,
  `amount` varchar(20) COLLATE utf32_bin NOT NULL
) ENGINE=InnoDB DEFAULT CHARSET=utf32 COLLATE=utf32_bin;

--
-- Dumping data for table `transactions`
--

INSERT INTO `transactions` (`id`, `factors_id`, `authority`, `status`, `type`, `created_at`, `updated_at`, `deleted_at`, `refid`, `amount`) VALUES
(1, 33, 'zarinpal-000000000000000000000000000000058392', '100', 1, '2020-05-07 23:39:34', '2020-05-07 23:39:34', NULL, NULL, '60000'),
(2, 51, 'zarinpal-000000000000000000000000000000058397', '101', 1, '2020-05-07 23:45:24', '2020-05-07 23:51:48', NULL, NULL, '40000'),
(3, 52, 'zarinpal-000000000000000000000000000000058425', '100', 1, '2020-05-08 00:33:49', '2020-05-08 00:33:53', NULL, '12345678', '40000'),
(4, 53, 'zarinpal-000000000000000000000000000000058428', '100', 1, '2020-05-08 00:35:56', '2020-05-08 00:36:00', NULL, '12345678', '30000');

-- --------------------------------------------------------

--
-- Table structure for table `transactions_type`
--

CREATE TABLE `transactions_type` (
  `id` int(11) NOT NULL,
  `type` varchar(20) COLLATE utf32_bin NOT NULL
) ENGINE=InnoDB DEFAULT CHARSET=utf32 COLLATE=utf32_bin;

--
-- Dumping data for table `transactions_type`
--

INSERT INTO `transactions_type` (`id`, `type`) VALUES
(1, 'IPG'),
(2, 'ChargeWallet'),
(3, 'Debt'),
(4, 'WalletPaied');

-- --------------------------------------------------------

--
-- Table structure for table `users`
--

CREATE TABLE `users` (
  `id` bigint(20) UNSIGNED NOT NULL,
  `name` varchar(255) COLLATE utf8mb4_unicode_ci NOT NULL,
  `email` varchar(255) COLLATE utf8mb4_unicode_ci NOT NULL,
  `email_verified_at` timestamp NULL DEFAULT NULL,
  `password` varchar(255) COLLATE utf8mb4_unicode_ci NOT NULL,
  `remember_token` varchar(100) COLLATE utf8mb4_unicode_ci DEFAULT NULL,
  `created_at` timestamp NULL DEFAULT NULL,
  `updated_at` timestamp NULL DEFAULT NULL,
  `username` varchar(100) COLLATE utf8mb4_unicode_ci DEFAULT NULL,
  `gender` int(11) NOT NULL,
  `phone` varchar(11) COLLATE utf8mb4_unicode_ci DEFAULT NULL,
  `deleted_at` timestamp NULL DEFAULT NULL
) ENGINE=InnoDB DEFAULT CHARSET=utf8mb4 COLLATE=utf8mb4_unicode_ci;

--
-- Dumping data for table `users`
--

INSERT INTO `users` (`id`, `name`, `email`, `email_verified_at`, `password`, `remember_token`, `created_at`, `updated_at`, `username`, `gender`, `phone`, `deleted_at`) VALUES
(1, 'مریم عبدی', 'maryamabdi9776@gmail.com', NULL, '$2y$10$c.zThT7ortdZIvaOEb1jo.6WtH9K1cXpCkShBrQ.qvh1ZTnhRkrbu', 'fUXgnkr1vBR1UslTTpJ1GK9Je7x74ORGEjYcDKrAv4b3cVr20tJEYFpwd4iX', '2020-04-06 07:13:13', '2020-04-07 02:24:16', 'Maryam9776', 1, '0912013220', NULL),
(2, 'سارا کریمی', 'sara@gmail.com', NULL, '$2y$10$jhz3hjYD17Zo5mj6BbwEl.SFviGUkU2JRZDwYZQ.94LjwyE8pl/Iu', 'Lgr7Hnb8d5hbgaXVG24ujMDeLUPqYwvYDxzxyEglnX5AOCZQYwxvkOANOLlh', '2020-04-06 21:59:16', '2020-04-07 02:24:29', 'Sara1377', 1, '09912013220', NULL),
(3, 'مریم', 'maryamvazvani@yahoo.com', NULL, '$2y$10$0.XF5ONdhEhUd.GWDIhuX.eJnbHJB/GIfGtP1ffWoE0X2VsTipiyG', 'YO9ikeMOzrzWtZctK7vkGyhMDv08MIs3pr3Dcs1jeOtPFWNLhwWeI8VMd3Kt', '2020-04-07 02:25:45', '2020-04-07 02:27:19', 'Mari', 1, '09912013220', NULL),
(4, 'لیلا شبستانی', 'leyla.sh.70@gmail.com', NULL, '$2y$10$4TVXCJOQLU2lsV9dl2cSKe0sAMg6SVUvx5lJxqzhfYvvb7/7vcFDK', NULL, '2020-04-12 15:54:44', '2020-04-12 15:54:44', 'leyla.sh', 1, '09126665555', NULL),
(5, 'سارا احمدوند', 'sarah76mad@gmail.com', NULL, '$2y$10$39ZNtly81K/ht9uPgTtlEOy6anzB4.KcsM2kJMI9vi8VP4HZEOO4i', NULL, '2020-04-12 15:57:23', '2020-04-12 15:57:23', 'sarah76', 1, '09126665555', NULL),
(6, 'علی تیموری', 'teymooriali@gmail.com', NULL, '$2y$10$LCa4TDbOVN3BCM1WFaCAgOfV.odYbifZPuBTS2iP0l/FDawWy0cHC', NULL, '2020-04-12 15:59:05', '2020-04-12 15:59:05', 'teymoor', 2, '09126665555', NULL),
(7, 'محمد طهرانی', 'mohammad.tehrani@gmail.com', NULL, '$2y$10$zPnY6SPjXN5lT1GzHEOcDORPX.442MRDya2SGBBWQAR9gDGB4SBuK', NULL, '2020-04-12 16:01:00', '2020-04-12 16:01:00', 'mohammad.tehrani', 2, '09126665555', NULL);

-- --------------------------------------------------------

--
-- Table structure for table `videos`
--

CREATE TABLE `videos` (
  `id` int(10) UNSIGNED NOT NULL,
  `source` varchar(100) DEFAULT NULL,
  `code` varchar(100) DEFAULT NULL,
  `created_at` timestamp NOT NULL DEFAULT current_timestamp(),
  `updated_at` timestamp NOT NULL DEFAULT current_timestamp(),
  `title` varchar(100) NOT NULL,
  `width` varchar(10) NOT NULL,
  `height` varchar(10) NOT NULL,
  `videoable_id` bigint(20) UNSIGNED NOT NULL,
  `videoable_type` varchar(100) NOT NULL
) ENGINE=InnoDB DEFAULT CHARSET=latin1;

--
-- Dumping data for table `videos`
--

INSERT INTO `videos` (`id`, `source`, `code`, `created_at`, `updated_at`, `title`, `width`, `height`, `videoable_id`, `videoable_type`) VALUES
(4, 'images/blogs/p.mp4', NULL, '2020-05-01 04:02:10', '2020-05-01 04:02:10', 'p.mp4', '100', '100', 9, 'App\\Models\\Posts');

-- --------------------------------------------------------

--
-- Table structure for table `wallets`
--

CREATE TABLE `wallets` (
  `id` bigint(20) UNSIGNED NOT NULL,
  `users_id` bigint(20) UNSIGNED NOT NULL,
  `money` varchar(10) COLLATE utf32_bin NOT NULL DEFAULT '0',
  `created_at` timestamp NOT NULL DEFAULT current_timestamp(),
  `updated_at` timestamp NOT NULL DEFAULT current_timestamp()
) ENGINE=InnoDB DEFAULT CHARSET=utf32 COLLATE=utf32_bin;

--
-- Dumping data for table `wallets`
--

INSERT INTO `wallets` (`id`, `users_id`, `money`, `created_at`, `updated_at`) VALUES
(1, 1, '0', '2020-04-19 12:20:02', '2020-04-19 12:20:02'),
(2, 2, '170000', '2020-04-19 12:20:02', '2020-05-01 10:12:17'),
(3, 3, '0', '2020-04-19 12:20:02', '2020-04-19 12:20:02'),
(4, 4, '0', '2020-04-19 12:20:02', '2020-04-19 12:20:02'),
(5, 5, '0', '2020-04-19 12:20:02', '2020-04-19 12:20:02'),
(6, 6, '0', '2020-04-19 12:20:02', '2020-04-19 12:20:02'),
(7, 7, '0', '2020-04-19 12:20:02', '2020-04-19 12:20:02');

--
-- Indexes for dumped tables
--

--
-- Indexes for table `addresses`
--
ALTER TABLE `addresses`
  ADD PRIMARY KEY (`id`),
  ADD KEY `fk_adresses_users` (`users_id`);

--
-- Indexes for table `arrangements`
--
ALTER TABLE `arrangements`
  ADD KEY `fk_arrangements_salons` (`salons_id`),
  ADD KEY `fk_arrangements_segments` (`segments_id`);

--
-- Indexes for table `categories`
--
ALTER TABLE `categories`
  ADD PRIMARY KEY (`id`);

--
-- Indexes for table `comments`
--
ALTER TABLE `comments`
  ADD PRIMARY KEY (`id`),
  ADD KEY `fk_comments_users` (`users_id`),
  ADD KEY `fk_comments_posts_0` (`posts_id`);

--
-- Indexes for table `discounts`
--
ALTER TABLE `discounts`
  ADD PRIMARY KEY (`id`);

--
-- Indexes for table `events`
--
ALTER TABLE `events`
  ADD PRIMARY KEY (`id`),
  ADD KEY `fk_events_categories` (`categories_id`);

--
-- Indexes for table `events_genre`
--
ALTER TABLE `events_genre`
  ADD PRIMARY KEY (`genres_id`,`events_id`),
  ADD KEY `fk_genres_events_events` (`events_id`);

--
-- Indexes for table `factors`
--
ALTER TABLE `factors`
  ADD PRIMARY KEY (`id`),
  ADD KEY `fk_factors_users` (`users_id`),
  ADD KEY `fk_factors_factors_status_0` (`status`),
  ADD KEY `fk_factors_discounts` (`discount_id`);

--
-- Indexes for table `factors_show`
--
ALTER TABLE `factors_show`
  ADD KEY `fk_factors_shows_factors` (`factors_id`),
  ADD KEY `fk_factors_shows_shows` (`shows_id`);

--
-- Indexes for table `factors_status`
--
ALTER TABLE `factors_status`
  ADD PRIMARY KEY (`id`);

--
-- Indexes for table `failed_jobs`
--
ALTER TABLE `failed_jobs`
  ADD PRIMARY KEY (`id`);

--
-- Indexes for table `favorites`
--
ALTER TABLE `favorites`
  ADD PRIMARY KEY (`users_id`,`events_id`),
  ADD KEY `fk_favorites_events` (`events_id`);

--
-- Indexes for table `genders`
--
ALTER TABLE `genders`
  ADD PRIMARY KEY (`id`);

--
-- Indexes for table `genres`
--
ALTER TABLE `genres`
  ADD PRIMARY KEY (`id`);

--
-- Indexes for table `images`
--
ALTER TABLE `images`
  ADD PRIMARY KEY (`id`);

--
-- Indexes for table `locations`
--
ALTER TABLE `locations`
  ADD PRIMARY KEY (`id`);

--
-- Indexes for table `migrations`
--
ALTER TABLE `migrations`
  ADD PRIMARY KEY (`id`);

--
-- Indexes for table `password_resets`
--
ALTER TABLE `password_resets`
  ADD KEY `password_resets_email_index` (`email`);

--
-- Indexes for table `posts`
--
ALTER TABLE `posts`
  ADD PRIMARY KEY (`id`),
  ADD KEY `fk_posts_events` (`events_id`);

--
-- Indexes for table `reviews`
--
ALTER TABLE `reviews`
  ADD PRIMARY KEY (`id`),
  ADD KEY `fk_reviews_users` (`users_id`),
  ADD KEY `fk_reviews_events` (`events_id`);

--
-- Indexes for table `roles`
--
ALTER TABLE `roles`
  ADD PRIMARY KEY (`id`);

--
-- Indexes for table `roles_user`
--
ALTER TABLE `roles_user`
  ADD KEY `fk_roles_users_users` (`users_id`),
  ADD KEY `idx_roles_users_0` (`roles_id`,`users_id`);

--
-- Indexes for table `salons`
--
ALTER TABLE `salons`
  ADD PRIMARY KEY (`id`),
  ADD KEY `fk_salons_locations` (`locations_id`);

--
-- Indexes for table `segments`
--
ALTER TABLE `segments`
  ADD PRIMARY KEY (`id`);

--
-- Indexes for table `shows`
--
ALTER TABLE `shows`
  ADD PRIMARY KEY (`id`),
  ADD KEY `fk_shows_events` (`events_id`),
  ADD KEY `fk_shows_salons` (`salons_id`);

--
-- Indexes for table `sliders`
--
ALTER TABLE `sliders`
  ADD PRIMARY KEY (`id`),
  ADD KEY `fk_sliders_events` (`events_id`);

--
-- Indexes for table `taggables`
--
ALTER TABLE `taggables`
  ADD PRIMARY KEY (`id`),
  ADD KEY `fk_taggables_tags_0` (`tags_id`);

--
-- Indexes for table `tags`
--
ALTER TABLE `tags`
  ADD PRIMARY KEY (`id`);

--
-- Indexes for table `transactions`
--
ALTER TABLE `transactions`
  ADD PRIMARY KEY (`id`),
  ADD KEY `fk_transactions_factors` (`factors_id`),
  ADD KEY `fk_transactions_tran_status` (`status`),
  ADD KEY `fk_transactions_tran_type` (`type`);

--
-- Indexes for table `transactions_type`
--
ALTER TABLE `transactions_type`
  ADD PRIMARY KEY (`id`);

--
-- Indexes for table `users`
--
ALTER TABLE `users`
  ADD PRIMARY KEY (`id`),
  ADD UNIQUE KEY `users_email_unique` (`email`),
  ADD KEY `fk_users_genders_0` (`gender`);

--
-- Indexes for table `videos`
--
ALTER TABLE `videos`
  ADD PRIMARY KEY (`id`);

--
-- Indexes for table `wallets`
--
ALTER TABLE `wallets`
  ADD PRIMARY KEY (`id`),
  ADD KEY `fk_wallets_users` (`users_id`);

--
-- AUTO_INCREMENT for dumped tables
--

--
-- AUTO_INCREMENT for table `addresses`
--
ALTER TABLE `addresses`
  MODIFY `id` bigint(20) UNSIGNED NOT NULL AUTO_INCREMENT, AUTO_INCREMENT=2;

--
-- AUTO_INCREMENT for table `categories`
--
ALTER TABLE `categories`
  MODIFY `id` int(10) UNSIGNED NOT NULL AUTO_INCREMENT, AUTO_INCREMENT=4;

--
-- AUTO_INCREMENT for table `comments`
--
ALTER TABLE `comments`
  MODIFY `id` bigint(20) UNSIGNED NOT NULL AUTO_INCREMENT, AUTO_INCREMENT=21;

--
-- AUTO_INCREMENT for table `discounts`
--
ALTER TABLE `discounts`
  MODIFY `id` bigint(20) NOT NULL AUTO_INCREMENT, AUTO_INCREMENT=4;

--
-- AUTO_INCREMENT for table `events`
--
ALTER TABLE `events`
  MODIFY `id` bigint(20) UNSIGNED NOT NULL AUTO_INCREMENT, AUTO_INCREMENT=33;

--
-- AUTO_INCREMENT for table `factors`
--
ALTER TABLE `factors`
  MODIFY `id` bigint(20) UNSIGNED NOT NULL AUTO_INCREMENT, AUTO_INCREMENT=55;

--
-- AUTO_INCREMENT for table `factors_status`
--
ALTER TABLE `factors_status`
  MODIFY `id` int(11) NOT NULL AUTO_INCREMENT, AUTO_INCREMENT=5;

--
-- AUTO_INCREMENT for table `failed_jobs`
--
ALTER TABLE `failed_jobs`
  MODIFY `id` bigint(20) UNSIGNED NOT NULL AUTO_INCREMENT;

--
-- AUTO_INCREMENT for table `genders`
--
ALTER TABLE `genders`
  MODIFY `id` int(11) NOT NULL AUTO_INCREMENT, AUTO_INCREMENT=3;

--
-- AUTO_INCREMENT for table `genres`
--
ALTER TABLE `genres`
  MODIFY `id` int(10) UNSIGNED NOT NULL AUTO_INCREMENT, AUTO_INCREMENT=19;

--
-- AUTO_INCREMENT for table `images`
--
ALTER TABLE `images`
  MODIFY `id` int(11) NOT NULL AUTO_INCREMENT, AUTO_INCREMENT=60;

--
-- AUTO_INCREMENT for table `locations`
--
ALTER TABLE `locations`
  MODIFY `id` bigint(20) UNSIGNED NOT NULL AUTO_INCREMENT, AUTO_INCREMENT=5;

--
-- AUTO_INCREMENT for table `migrations`
--
ALTER TABLE `migrations`
  MODIFY `id` int(10) UNSIGNED NOT NULL AUTO_INCREMENT, AUTO_INCREMENT=4;

--
-- AUTO_INCREMENT for table `posts`
--
ALTER TABLE `posts`
  MODIFY `id` bigint(20) UNSIGNED NOT NULL AUTO_INCREMENT, AUTO_INCREMENT=16;

--
-- AUTO_INCREMENT for table `reviews`
--
ALTER TABLE `reviews`
  MODIFY `id` bigint(20) UNSIGNED NOT NULL AUTO_INCREMENT, AUTO_INCREMENT=15;

--
-- AUTO_INCREMENT for table `roles`
--
ALTER TABLE `roles`
  MODIFY `id` int(11) NOT NULL AUTO_INCREMENT, AUTO_INCREMENT=4;

--
-- AUTO_INCREMENT for table `salons`
--
ALTER TABLE `salons`
  MODIFY `id` bigint(20) UNSIGNED NOT NULL AUTO_INCREMENT, AUTO_INCREMENT=10;

--
-- AUTO_INCREMENT for table `segments`
--
ALTER TABLE `segments`
  MODIFY `id` bigint(20) NOT NULL AUTO_INCREMENT, AUTO_INCREMENT=23;

--
-- AUTO_INCREMENT for table `shows`
--
ALTER TABLE `shows`
  MODIFY `id` bigint(20) UNSIGNED NOT NULL AUTO_INCREMENT, AUTO_INCREMENT=23;

--
-- AUTO_INCREMENT for table `sliders`
--
ALTER TABLE `sliders`
  MODIFY `id` bigint(20) UNSIGNED NOT NULL AUTO_INCREMENT, AUTO_INCREMENT=7;

--
-- AUTO_INCREMENT for table `taggables`
--
ALTER TABLE `taggables`
  MODIFY `id` int(11) NOT NULL AUTO_INCREMENT, AUTO_INCREMENT=15;

--
-- AUTO_INCREMENT for table `tags`
--
ALTER TABLE `tags`
  MODIFY `id` int(10) UNSIGNED NOT NULL AUTO_INCREMENT, AUTO_INCREMENT=8;

--
-- AUTO_INCREMENT for table `transactions`
--
ALTER TABLE `transactions`
  MODIFY `id` bigint(20) UNSIGNED NOT NULL AUTO_INCREMENT, AUTO_INCREMENT=5;

--
-- AUTO_INCREMENT for table `transactions_type`
--
ALTER TABLE `transactions_type`
  MODIFY `id` int(11) NOT NULL AUTO_INCREMENT, AUTO_INCREMENT=5;

--
-- AUTO_INCREMENT for table `users`
--
ALTER TABLE `users`
  MODIFY `id` bigint(20) UNSIGNED NOT NULL AUTO_INCREMENT, AUTO_INCREMENT=8;

--
-- AUTO_INCREMENT for table `videos`
--
ALTER TABLE `videos`
  MODIFY `id` int(10) UNSIGNED NOT NULL AUTO_INCREMENT, AUTO_INCREMENT=5;

--
-- AUTO_INCREMENT for table `wallets`
--
ALTER TABLE `wallets`
  MODIFY `id` bigint(20) UNSIGNED NOT NULL AUTO_INCREMENT, AUTO_INCREMENT=8;

--
-- Constraints for dumped tables
--

--
-- Constraints for table `addresses`
--
ALTER TABLE `addresses`
  ADD CONSTRAINT `fk_adresses_users` FOREIGN KEY (`users_id`) REFERENCES `users` (`id`) ON DELETE CASCADE ON UPDATE CASCADE;

--
-- Constraints for table `arrangements`
--
ALTER TABLE `arrangements`
  ADD CONSTRAINT `fk_arrangements_salons` FOREIGN KEY (`salons_id`) REFERENCES `salons` (`id`) ON DELETE CASCADE ON UPDATE CASCADE,
  ADD CONSTRAINT `fk_arrangements_segments` FOREIGN KEY (`segments_id`) REFERENCES `segments` (`id`) ON DELETE CASCADE ON UPDATE CASCADE;

--
-- Constraints for table `comments`
--
ALTER TABLE `comments`
  ADD CONSTRAINT `fk_comments_posts_0` FOREIGN KEY (`posts_id`) REFERENCES `posts` (`id`) ON DELETE CASCADE ON UPDATE CASCADE,
  ADD CONSTRAINT `fk_comments_users` FOREIGN KEY (`users_id`) REFERENCES `users` (`id`) ON DELETE CASCADE ON UPDATE CASCADE;

--
-- Constraints for table `events`
--
ALTER TABLE `events`
  ADD CONSTRAINT `fk_events_categories` FOREIGN KEY (`categories_id`) REFERENCES `categories` (`id`) ON DELETE CASCADE ON UPDATE CASCADE;

--
-- Constraints for table `events_genre`
--
ALTER TABLE `events_genre`
  ADD CONSTRAINT `fk_genres_events_events` FOREIGN KEY (`events_id`) REFERENCES `events` (`id`) ON DELETE CASCADE ON UPDATE CASCADE,
  ADD CONSTRAINT `fk_genres_events_genres` FOREIGN KEY (`genres_id`) REFERENCES `genres` (`id`) ON DELETE CASCADE ON UPDATE CASCADE;

--
-- Constraints for table `factors`
--
ALTER TABLE `factors`
  ADD CONSTRAINT `fk_factors_discounts` FOREIGN KEY (`discount_id`) REFERENCES `discounts` (`id`) ON DELETE NO ACTION ON UPDATE CASCADE,
  ADD CONSTRAINT `fk_factors_factors_status_0` FOREIGN KEY (`status`) REFERENCES `factors_status` (`id`) ON DELETE CASCADE ON UPDATE CASCADE,
  ADD CONSTRAINT `fk_factors_users` FOREIGN KEY (`users_id`) REFERENCES `users` (`id`) ON DELETE CASCADE ON UPDATE CASCADE;

--
-- Constraints for table `factors_show`
--
ALTER TABLE `factors_show`
  ADD CONSTRAINT `fk_factors_shows_factors` FOREIGN KEY (`factors_id`) REFERENCES `factors` (`id`) ON DELETE CASCADE ON UPDATE CASCADE,
  ADD CONSTRAINT `fk_factors_shows_shows` FOREIGN KEY (`shows_id`) REFERENCES `shows` (`id`) ON DELETE CASCADE ON UPDATE CASCADE;

--
-- Constraints for table `favorites`
--
ALTER TABLE `favorites`
  ADD CONSTRAINT `fk_favorites_events` FOREIGN KEY (`events_id`) REFERENCES `events` (`id`) ON DELETE CASCADE ON UPDATE CASCADE,
  ADD CONSTRAINT `fk_favorites_users` FOREIGN KEY (`users_id`) REFERENCES `users` (`id`) ON DELETE CASCADE ON UPDATE CASCADE;

--
-- Constraints for table `posts`
--
ALTER TABLE `posts`
  ADD CONSTRAINT `fk_posts_events` FOREIGN KEY (`events_id`) REFERENCES `events` (`id`) ON DELETE CASCADE ON UPDATE CASCADE;

--
-- Constraints for table `reviews`
--
ALTER TABLE `reviews`
  ADD CONSTRAINT `fk_reviews_events` FOREIGN KEY (`events_id`) REFERENCES `events` (`id`) ON DELETE CASCADE ON UPDATE CASCADE,
  ADD CONSTRAINT `fk_reviews_users` FOREIGN KEY (`users_id`) REFERENCES `users` (`id`) ON DELETE CASCADE ON UPDATE CASCADE;

--
-- Constraints for table `roles_user`
--
ALTER TABLE `roles_user`
  ADD CONSTRAINT `fk_roles_users_roles` FOREIGN KEY (`roles_id`) REFERENCES `roles` (`id`) ON DELETE CASCADE ON UPDATE CASCADE,
  ADD CONSTRAINT `fk_roles_users_users` FOREIGN KEY (`users_id`) REFERENCES `users` (`id`) ON DELETE CASCADE ON UPDATE CASCADE;

--
-- Constraints for table `salons`
--
ALTER TABLE `salons`
  ADD CONSTRAINT `fk_salons_locations` FOREIGN KEY (`locations_id`) REFERENCES `locations` (`id`) ON DELETE CASCADE ON UPDATE CASCADE;

--
-- Constraints for table `shows`
--
ALTER TABLE `shows`
  ADD CONSTRAINT `fk_shows_events` FOREIGN KEY (`events_id`) REFERENCES `events` (`id`) ON DELETE CASCADE ON UPDATE CASCADE,
  ADD CONSTRAINT `fk_shows_salons` FOREIGN KEY (`salons_id`) REFERENCES `salons` (`id`) ON DELETE CASCADE ON UPDATE CASCADE;

--
-- Constraints for table `sliders`
--
ALTER TABLE `sliders`
  ADD CONSTRAINT `fk_sliders_events` FOREIGN KEY (`events_id`) REFERENCES `events` (`id`) ON DELETE CASCADE ON UPDATE CASCADE;

--
-- Constraints for table `taggables`
--
ALTER TABLE `taggables`
  ADD CONSTRAINT `fk_taggables_tags_0` FOREIGN KEY (`tags_id`) REFERENCES `tags` (`id`) ON DELETE CASCADE ON UPDATE CASCADE;

--
-- Constraints for table `transactions`
--
ALTER TABLE `transactions`
  ADD CONSTRAINT `fk_transactions_factors` FOREIGN KEY (`factors_id`) REFERENCES `factors` (`id`) ON DELETE CASCADE ON UPDATE CASCADE,
  ADD CONSTRAINT `fk_transactions_tran_type` FOREIGN KEY (`type`) REFERENCES `transactions_type` (`id`) ON DELETE CASCADE ON UPDATE CASCADE;

--
-- Constraints for table `users`
--
ALTER TABLE `users`
  ADD CONSTRAINT `fk_users_genders_0` FOREIGN KEY (`gender`) REFERENCES `genders` (`id`) ON DELETE CASCADE ON UPDATE CASCADE;

--
-- Constraints for table `wallets`
--
ALTER TABLE `wallets`
  ADD CONSTRAINT `fk_wallets_users` FOREIGN KEY (`users_id`) REFERENCES `users` (`id`) ON DELETE CASCADE ON UPDATE CASCADE;
COMMIT;

/*!40101 SET CHARACTER_SET_CLIENT=@OLD_CHARACTER_SET_CLIENT */;
/*!40101 SET CHARACTER_SET_RESULTS=@OLD_CHARACTER_SET_RESULTS */;
/*!40101 SET COLLATION_CONNECTION=@OLD_COLLATION_CONNECTION */;
